timestamp, frame, x, y, z, qx, qy, qz, qw
392.260952166, 000000, 0.10867131, 0.048751965, 0.18368146, 0.70649904, -0.70415217, 0.059968315, 0.03784984
392.277624833, 000001, 0.10874841, 0.048699465, 0.18355505, 0.7065771, -0.70401764, 0.060300384, 0.038362734
392.294300458, 000002, 0.10882191, 0.04865772, 0.1834579, 0.7066927, -0.70387423, 0.06049601, 0.0385587
392.310968333, 000003, 0.108894624, 0.048606705, 0.18338715, 0.7067135, -0.7038714, 0.060503706, 0.038215086
392.327640958, 000004, 0.10855076, 0.04847315, 0.18361332, 0.70678836, -0.7037852, 0.06082131, 0.0379118
392.344312625, 000005, 0.10847132, 0.048403703, 0.18366134, 0.70682913, -0.7036993, 0.06133322, 0.037921797
392.360993916, 000006, 0.10849798, 0.048354693, 0.18365239, 0.7069193, -0.70358944, 0.06158855, 0.03786672
392.377656833, 000007, 0.1085897, 0.04829643, 0.1836235, 0.70693034, -0.703601, 0.061442718, 0.03768138
392.394331958, 000008, 0.108567625, 0.048219666, 0.18371658, 0.70693, -0.7036262, 0.061152756, 0.037689283
392.411000166, 000009, 0.10864432, 0.048130117, 0.18364029, 0.7069247, -0.7036322, 0.06090845, 0.038070094
392.427671541, 000010, 0.10873552, 0.04803487, 0.18350722, 0.70694923, -0.7035983, 0.060818266, 0.038382407
392.4443435, 000011, 0.10880174, 0.047947057, 0.18337013, 0.70703155, -0.70349675, 0.060987238, 0.03845865
392.461020333, 000012, 0.10884466, 0.047872752, 0.18323791, 0.70713705, -0.70336884, 0.061248243, 0.03844586
392.477688041, 000013, 0.10888453, 0.04781367, 0.18312384, 0.70717657, -0.70331335, 0.061438635, 0.038430102
392.494360083, 000014, 0.108665384, 0.047802933, 0.18306272, 0.70722663, -0.7032523, 0.061613392, 0.038346134
392.511032666, 000015, 0.10860583, 0.047806434, 0.18300167, 0.7072943, -0.70318025, 0.061671276, 0.038326155
392.527706291, 000016, 0.108612046, 0.04783541, 0.18295816, 0.7073061, -0.7031743, 0.06160448, 0.038324546
392.544376541, 000017, 0.108646065, 0.0478943, 0.18294144, 0.7072936, -0.7032041, 0.06140586, 0.038327176
392.561048416, 000018, 0.10869232, 0.047971867, 0.18294005, 0.7072791, -0.7032483, 0.06113779, 0.03821156
392.577720125, 000019, 0.10874258, 0.0480518, 0.18292972, 0.7072617, -0.7032916, 0.06097858, 0.03799301
392.594392458, 000020, 0.108281344, 0.04834815, 0.18320815, 0.70723766, -0.70331514, 0.061090093, 0.03782508
392.611065125, 000021, 0.1081575, 0.048493154, 0.18326779, 0.7071759, -0.7033673, 0.06129039, 0.037683308
392.627736958, 000022, 0.108150184, 0.048592854, 0.18327448, 0.7070879, -0.7034608, 0.06132892, 0.037526455
392.644409125, 000023, 0.108193055, 0.04867337, 0.18329033, 0.70697635, -0.7035998, 0.06115446, 0.03730715
392.661081083, 000024, 0.10825878, 0.048737135, 0.18331659, 0.7068787, -0.70372474, 0.06100244, 0.037049733
392.677752791, 000025, 0.10833611, 0.04877792, 0.18331896, 0.70681196, -0.70380867, 0.06095888, 0.03679778
392.694424833, 000026, 0.1082717, 0.048922487, 0.18327703, 0.706839, -0.7037721, 0.06113806, 0.036679067
392.711097416, 000027, 0.10831578, 0.048958197, 0.18320672, 0.7068314, -0.7037737, 0.06119713, 0.03669996
392.727771375, 000028, 0.10840164, 0.048943225, 0.1831307, 0.7068116, -0.7037955, 0.061121237, 0.03678678
392.7444415, 000029, 0.10850456, 0.048903145, 0.18306, 0.70679724, -0.7038236, 0.060944904, 0.036818534
392.761113833, 000030, 0.10859574, 0.04883916, 0.18299964, 0.7067658, -0.70386314, 0.060842603, 0.036838926
392.777785583, 000031, 0.10866107, 0.048758104, 0.18295223, 0.70674574, -0.70388526, 0.060815096, 0.03684397
392.794460125, 000032, 0.10869925, 0.048583783, 0.18270247, 0.70681995, -0.70380455, 0.060870565, 0.03687019
392.81113025, 000033, 0.10867801, 0.048448995, 0.18261538, 0.7069597, -0.7036618, 0.060955636, 0.036774393
392.827804791, 000034, 0.108627915, 0.048324823, 0.18257217, 0.70717824, -0.703438, 0.06106549, 0.03667313
392.844474041, 000035, 0.10858074, 0.04819261, 0.18252444, 0.7073669, -0.70324016, 0.061164588, 0.03666321
392.861146291, 000036, 0.10855156, 0.048047565, 0.18246321, 0.7075106, -0.70307857, 0.06127454, 0.036806036
392.877818541, 000037, 0.1085408, 0.047888283, 0.1823915, 0.7076368, -0.7029336, 0.061358675, 0.03701088
392.89449075, 000038, 0.1084249, 0.047918376, 0.1822108, 0.70771056, -0.7028357, 0.061467916, 0.03727655
392.91116325, 000039, 0.10841239, 0.047826115, 0.18209198, 0.70771646, -0.70281196, 0.061523467, 0.03751769
392.927834916, 000040, 0.108440995, 0.047711655, 0.18201809, 0.707696, -0.7028264, 0.06153894, 0.03760812
392.944506666, 000041, 0.10849789, 0.04760042, 0.18198204, 0.7076325, -0.702899, 0.06144856, 0.037596427
392.961178875, 000042, 0.10857694, 0.047494877, 0.18196608, 0.7075146, -0.70303404, 0.061277453, 0.03756833
392.977852083, 000043, 0.10867696, 0.04740211, 0.18195258, 0.70735914, -0.7032016, 0.06114285, 0.037578534
392.99452325, 000044, 0.10883205, 0.047491826, 0.18178421, 0.70719445, -0.70337576, 0.060958028, 0.03771775
393.0111955, 000045, 0.10893802, 0.04750125, 0.1817039, 0.7070619, -0.7035063, 0.06089054, 0.03787621
393.027866958, 000046, 0.10902622, 0.04749435, 0.18165499, 0.706968, -0.70359683, 0.060820065, 0.03806067
393.044539458, 000047, 0.10911294, 0.047487356, 0.18163358, 0.7068735, -0.70369536, 0.06078455, 0.038053032
393.061211416, 000048, 0.10920042, 0.0474876, 0.18163022, 0.7067466, -0.7038306, 0.060765937, 0.037937142
393.077884, 000049, 0.10929079, 0.047500905, 0.18164134, 0.7065673, -0.70401776, 0.060735907, 0.03785257
393.094555625, 000050, 0.109080896, 0.04792601, 0.18218322, 0.7064009, -0.7041971, 0.060620848, 0.037805196
393.111227875, 000051, 0.1090579, 0.048106596, 0.18241875, 0.70626444, -0.7043654, 0.060402248, 0.03756963
393.127901958, 000052, 0.1090935, 0.048214644, 0.18255524, 0.70617044, -0.7044995, 0.060128417, 0.037260607
393.144571875, 000053, 0.1091491, 0.048302244, 0.18263444, 0.70609945, -0.70459384, 0.059937872, 0.037128113
393.161244041, 000054, 0.10919361, 0.048378445, 0.182679, 0.7060861, -0.7046098, 0.05992671, 0.037096765
393.177917083, 000055, 0.1092255, 0.04844251, 0.18271968, 0.70612717, -0.7045716, 0.059939876, 0.0370199
393.194590458, 000056, 0.10907966, 0.048511088, 0.18270807, 0.7062297, -0.7044668, 0.06006775, 0.03685086
393.211261125, 000057, 0.109065175, 0.048552662, 0.18273117, 0.70626074, -0.7044348, 0.060221437, 0.03661432
393.227932791, 000058, 0.10911456, 0.048575394, 0.18274033, 0.70622796, -0.7044662, 0.060294524, 0.036523174
393.244607125, 000059, 0.10919683, 0.04857588, 0.18272708, 0.7061594, -0.70453334, 0.060303986, 0.036539797
393.261276458, 000060, 0.109294906, 0.048549205, 0.1826977, 0.7060729, -0.704615, 0.060341667, 0.036572557
393.277948583, 000061, 0.10940175, 0.04849573, 0.18265128, 0.7059734, -0.704697, 0.060503162, 0.03664692
393.294621041, 000062, 0.109406546, 0.04834937, 0.18254168, 0.7059323, -0.7047202, 0.06063393, 0.0367781
393.311292875, 000063, 0.10945763, 0.048256878, 0.18246537, 0.70588547, -0.704751, 0.060764123, 0.036870666
393.327965041, 000064, 0.10950568, 0.048181437, 0.18239616, 0.70585907, -0.7047581, 0.060902864, 0.03701252
393.344644291, 000065, 0.10954185, 0.048111457, 0.18233855, 0.7058592, -0.7047412, 0.061084844, 0.037031613
393.361309458, 000066, 0.109573066, 0.048043083, 0.182293, 0.7058159, -0.70477414, 0.061266232, 0.03693044
393.377981708, 000067, 0.109605506, 0.047987286, 0.18225242, 0.7057994, -0.7047748, 0.06145667, 0.03691707
393.394654291, 000068, 0.10958822, 0.047957383, 0.18222453, 0.7058443, -0.7047187, 0.061447993, 0.037142288
393.411326208, 000069, 0.10959414, 0.047950134, 0.18221498, 0.7059341, -0.70462924, 0.061342925, 0.03730633
393.427997416, 000070, 0.10961065, 0.047957223, 0.18223113, 0.7060295, -0.704543, 0.061228815, 0.037319362
393.444670291, 000071, 0.10964186, 0.047974396, 0.18226257, 0.70607674, -0.70450467, 0.061209362, 0.03717807
393.461342083, 000072, 0.10969007, 0.047999788, 0.18229353, 0.7060512, -0.7045286, 0.061285254, 0.037084598
393.478014208, 000073, 0.10975964, 0.048037104, 0.18231767, 0.70598316, -0.7045899, 0.061344422, 0.03711688
393.494686458, 000074, 0.10946943, 0.048158962, 0.18233262, 0.705998, -0.7045723, 0.061348397, 0.037160438
393.511358541, 000075, 0.10940528, 0.04824981, 0.18235934, 0.7059938, -0.7045912, 0.06121468, 0.03710577
393.528029958, 000076, 0.109412104, 0.04833337, 0.18238011, 0.7060048, -0.7045953, 0.061041366, 0.037100572
393.544702625, 000077, 0.10943255, 0.048419885, 0.18239783, 0.706025, -0.7045897, 0.0608266, 0.03717712
393.56137475, 000078, 0.10943794, 0.048513457, 0.18242233, 0.7060608, -0.704568, 0.060622383, 0.037241217
393.578046541, 000079, 0.10941613, 0.048616216, 0.18245749, 0.7061354, -0.7045026, 0.060519144, 0.037234794
393.594720458, 000080, 0.10936406, 0.048630636, 0.18234375, 0.7061716, -0.70447797, 0.060419444, 0.03717411
393.611392291, 000081, 0.10934156, 0.04868653, 0.18233578, 0.7060981, -0.7045673, 0.06027788, 0.037105534
393.628062791, 000082, 0.1093415, 0.0487481, 0.18235482, 0.706008, -0.7046743, 0.06007857, 0.03711113
393.644735125, 000083, 0.10934484, 0.048810028, 0.18237388, 0.7059581, -0.7047394, 0.059848122, 0.03719746
393.66140725, 000084, 0.10934098, 0.04887086, 0.18238397, 0.70597625, -0.7047319, 0.059703976, 0.037228413
393.678079791, 000085, 0.10933736, 0.0489211, 0.18237989, 0.70599836, -0.7047126, 0.059706043, 0.037169278
393.694752416, 000086, 0.10950862, 0.04888817, 0.18219487, 0.7059742, -0.7047384, 0.05967351, 0.03719097
393.711423708, 000087, 0.109574005, 0.048915938, 0.18212844, 0.7059629, -0.7047543, 0.05960167, 0.037221402
393.728095625, 000088, 0.10960896, 0.048971973, 0.18211387, 0.70593673, -0.70479286, 0.05947879, 0.037182126
393.74476775, 000089, 0.10963401, 0.049043927, 0.18211912, 0.70591336, -0.70483524, 0.059353616, 0.03702165
393.761439916, 000090, 0.10965492, 0.049120497, 0.18212362, 0.7059199, -0.70484525, 0.059293743, 0.036801014
393.778114166, 000091, 0.109675795, 0.049200427, 0.18211198, 0.7059728, -0.7048027, 0.05924541, 0.03668143
393.79478425, 000092, 0.109423816, 0.048888944, 0.18198203, 0.70612735, -0.7046544, 0.05927257, 0.036511462
393.811456291, 000093, 0.10934046, 0.048814252, 0.18194863, 0.7062202, -0.70456976, 0.05928894, 0.03632095
393.828129875, 000094, 0.109308004, 0.048802666, 0.18193309, 0.70629925, -0.7044999, 0.05927724, 0.036159214
393.844800333, 000095, 0.10928102, 0.048801053, 0.18191478, 0.7063948, -0.7044102, 0.05926088, 0.03606632
393.861472833, 000096, 0.10926168, 0.048799124, 0.18191573, 0.7064669, -0.70435005, 0.059167366, 0.035982735
393.878144791, 000097, 0.10924954, 0.048797198, 0.18194625, 0.706551, -0.70428234, 0.059119686, 0.035733327
393.894816875, 000098, 0.109147124, 0.048524577, 0.18190412, 0.70667225, -0.7041747, 0.059026204, 0.035612054
393.911488958, 000099, 0.10912284, 0.04841964, 0.18188278, 0.7067521, -0.7040989, 0.059021443, 0.035533793
393.928163041, 000100, 0.10912527, 0.04837202, 0.18185338, 0.70680463, -0.70403785, 0.059073463, 0.03561143
393.944832875, 000101, 0.10914677, 0.048352912, 0.18182072, 0.706853, -0.70398754, 0.05901503, 0.03574305
393.961505333, 000102, 0.109176815, 0.0483441, 0.18180934, 0.70686984, -0.7039793, 0.058907706, 0.0357482
393.978177291, 000103, 0.109213874, 0.048340656, 0.18182483, 0.70679677, -0.70406306, 0.058886807, 0.03557885
393.994849583, 000104, 0.10922549, 0.048368927, 0.18170916, 0.70666057, -0.70420617, 0.058935847, 0.03537111
394.011521708, 000105, 0.10924792, 0.048403904, 0.18170412, 0.7065994, -0.7042809, 0.058889654, 0.03518077
394.028195958, 000106, 0.10925968, 0.048438776, 0.1817322, 0.70657116, -0.7043247, 0.05875554, 0.035094205
394.044865708, 000107, 0.10925272, 0.048471153, 0.18176547, 0.7065793, -0.70432764, 0.058687773, 0.034984276
394.061537875, 000108, 0.10923515, 0.048504367, 0.18179053, 0.70660377, -0.7043069, 0.058750577, 0.034800466
394.078209625, 000109, 0.10921736, 0.048536934, 0.18180679, 0.706616, -0.7042966, 0.05879392, 0.03468895
394.094882375, 000110, 0.10918599, 0.04856832, 0.18175918, 0.7065988, -0.7043169, 0.05881526, 0.034589175
394.11155425, 000111, 0.1091727, 0.04860773, 0.18176036, 0.7066365, -0.7042935, 0.058692884, 0.034504943
394.128226625, 000112, 0.10917386, 0.048654273, 0.1817881, 0.7066834, -0.7042636, 0.058594465, 0.034322117
394.144898583, 000113, 0.10920054, 0.048702747, 0.1818104, 0.7067066, -0.7042588, 0.058455784, 0.03417967
394.161570375, 000114, 0.10924786, 0.04874284, 0.18180712, 0.70666796, -0.7043199, 0.05818484, 0.034181934
394.178243041, 000115, 0.10929689, 0.048764225, 0.18178412, 0.7066027, -0.70440507, 0.05782442, 0.034385785
394.19491525, 000116, 0.1093265, 0.04876904, 0.18177043, 0.7065477, -0.70447594, 0.057563383, 0.034502614
394.211586583, 000117, 0.10931869, 0.048763342, 0.18174796, 0.7064655, -0.7045743, 0.057373606, 0.034494344
394.228258791, 000118, 0.10930276, 0.0487562, 0.1817406, 0.7063698, -0.70468086, 0.05734191, 0.034327116
394.24493175, 000119, 0.10930747, 0.04874068, 0.18174182, 0.7062808, -0.70478326, 0.05728045, 0.034159787
394.261603208, 000120, 0.10931617, 0.04871429, 0.18172146, 0.70624214, -0.7048273, 0.057218526, 0.03415412
394.278275083, 000121, 0.109319285, 0.048685104, 0.18170601, 0.706282, -0.7047838, 0.057228584, 0.034210898
394.294947625, 000122, 0.109319545, 0.04866071, 0.18172361, 0.706346, -0.70472115, 0.05726188, 0.03412521
394.31161975, 000123, 0.10927574, 0.04861601, 0.18174648, 0.7064249, -0.70465493, 0.05721322, 0.0339418
394.3282915, 000124, 0.10924509, 0.048570074, 0.18177395, 0.7064651, -0.70463276, 0.057056405, 0.033826854
394.34496425, 000125, 0.10926213, 0.04854007, 0.18181863, 0.7064834, -0.70462877, 0.05689051, 0.03380824
394.361635875, 000126, 0.10929939, 0.04850552, 0.18186942, 0.70652, -0.70460767, 0.05673292, 0.03374599
394.378312958, 000127, 0.109352246, 0.048458684, 0.18191075, 0.7065744, -0.7045634, 0.05669745, 0.033589788
394.394979958, 000128, 0.10942162, 0.048405025, 0.1819282, 0.7066185, -0.7045159, 0.056775667, 0.033530407
394.411651958, 000129, 0.10950819, 0.048418894, 0.18189272, 0.7066112, -0.7045173, 0.05678986, 0.03362836
394.428324416, 000130, 0.10959189, 0.048446923, 0.1818579, 0.7066096, -0.7045228, 0.056663375, 0.033760894
394.444996208, 000131, 0.10965124, 0.048432358, 0.18187024, 0.70663375, -0.7045096, 0.056552093, 0.03371712
394.461668708, 000132, 0.109689616, 0.048393037, 0.18191272, 0.70666295, -0.70448834, 0.056602534, 0.03346417
394.478340291, 000133, 0.10971856, 0.04833762, 0.1819546, 0.70670325, -0.70444995, 0.056767285, 0.033138838
394.495012583, 000134, 0.10975685, 0.048276808, 0.18197739, 0.70673025, -0.7044164, 0.056945983, 0.032969102
394.511685, 000135, 0.109735474, 0.048227396, 0.18191388, 0.7067094, -0.7044227, 0.057073213, 0.03306121
394.528362708, 000136, 0.10971573, 0.048170242, 0.18186407, 0.70666647, -0.7044606, 0.05702837, 0.033251144
394.545028791, 000137, 0.109750256, 0.048099823, 0.18188377, 0.7066254, -0.70451, 0.0568346, 0.033407293
394.561701083, 000138, 0.109789595, 0.048022043, 0.18194027, 0.7066267, -0.704518, 0.05667552, 0.0334784
394.578372416, 000139, 0.109818265, 0.047943875, 0.18201312, 0.7066732, -0.7044755, 0.056634493, 0.033462733
394.595045083, 000140, 0.10983747, 0.047866434, 0.18208042, 0.70673096, -0.70441306, 0.05671276, 0.033425964
394.611717375, 000141, 0.109656066, 0.047990717, 0.18191464, 0.7067225, -0.70441157, 0.056839272, 0.033419542
394.628389666, 000142, 0.10946341, 0.048130184, 0.18173487, 0.7066907, -0.7044349, 0.056901913, 0.033495154
394.645062041, 000143, 0.10938808, 0.04815896, 0.18169701, 0.7066689, -0.7044532, 0.056923997, 0.03353335
394.661733916, 000144, 0.109347954, 0.048159316, 0.1817229, 0.7066375, -0.70448357, 0.056948695, 0.033512488
394.678404666, 000145, 0.10931739, 0.0481634, 0.18178445, 0.70663846, -0.70448107, 0.057030518, 0.033407822
394.695078083, 000146, 0.109289885, 0.048177045, 0.18185744, 0.70662105, -0.7044984, 0.057130918, 0.03323789
394.711749875, 000147, 0.109190404, 0.048391104, 0.18187803, 0.70661354, -0.7045075, 0.05713639, 0.033194605
394.728422083, 000148, 0.10910688, 0.04859118, 0.18189834, 0.70659715, -0.7045271, 0.057084057, 0.033217285
394.745093958, 000149, 0.10905841, 0.048698887, 0.18194759, 0.706605, -0.7045271, 0.056991063, 0.03320868
394.761766333, 000150, 0.109012336, 0.048785992, 0.18200639, 0.7066247, -0.7045176, 0.056884877, 0.033174694
394.778439875, 000151, 0.10896078, 0.048872538, 0.18206361, 0.7066652, -0.70448655, 0.056802053, 0.03311411
394.795110791, 000152, 0.108909026, 0.04895341, 0.1821111, 0.7066449, -0.7045132, 0.056755066, 0.033061218
394.811782916, 000153, 0.108857036, 0.049016282, 0.1821098, 0.70662564, -0.7045351, 0.05672484, 0.033057403
394.828454958, 000154, 0.108808756, 0.049077637, 0.182127, 0.7065797, -0.70458686, 0.056700595, 0.032976836
394.845127208, 000155, 0.108763814, 0.04915657, 0.1821781, 0.7065221, -0.70465267, 0.056640238, 0.032907728
394.861799125, 000156, 0.10870811, 0.049249366, 0.18225089, 0.70650303, -0.70468366, 0.056575734, 0.032764915
394.878469666, 000157, 0.10864143, 0.049342867, 0.18233752, 0.7064952, -0.704708, 0.056482125, 0.0325712
394.895143125, 000158, 0.10857117, 0.04943057, 0.18242481, 0.7065079, -0.7047097, 0.056404255, 0.03239239
394.911815416, 000159, 0.10855399, 0.04948953, 0.18249491, 0.70647156, -0.70475286, 0.056383044, 0.032280598
394.92848775, 000160, 0.10853787, 0.049541406, 0.18252552, 0.7064697, -0.70475733, 0.05639232, 0.03220932
394.945159333, 000161, 0.10849893, 0.04959344, 0.18253016, 0.7065031, -0.70472884, 0.056331716, 0.03220869
394.961831666, 000162, 0.108446926, 0.049639523, 0.18253699, 0.7065703, -0.7046734, 0.056201912, 0.03217316
394.978503416, 000163, 0.10837756, 0.049674902, 0.18255572, 0.7066832, -0.7045671, 0.05616923, 0.032077193
394.995175708, 000164, 0.10830206, 0.049706124, 0.18257982, 0.70679986, -0.7044498, 0.05625207, 0.031939726
395.011848083, 000165, 0.10834792, 0.049551934, 0.1824941, 0.706824, -0.70442265, 0.056288186, 0.03194137
395.028519833, 000166, 0.10839725, 0.049398735, 0.18239306, 0.7067642, -0.70448524, 0.05617011, 0.03209146
395.045191916, 000167, 0.108395696, 0.04931539, 0.18233798, 0.7066778, -0.7045797, 0.056012783, 0.0321933
395.061864333, 000168, 0.108371645, 0.049249135, 0.1823093, 0.7066044, -0.7046644, 0.055847634, 0.03223645
395.078537083, 000169, 0.10834078, 0.049181, 0.18227988, 0.70652, -0.70476425, 0.055625826, 0.032290716
395.095208333, 000170, 0.10830481, 0.04911413, 0.18223898, 0.7065048, -0.7047946, 0.05539212, 0.0323595
395.111880416, 000171, 0.108336195, 0.04907083, 0.18218395, 0.70654154, -0.7047599, 0.055291094, 0.032486778
395.128552791, 000172, 0.10835336, 0.049016673, 0.18212985, 0.70658606, -0.704712, 0.05524122, 0.03264366
395.145225375, 000173, 0.10833506, 0.04895109, 0.18208867, 0.7066249, -0.70467186, 0.055174764, 0.032777295
395.161896916, 000174, 0.10829723, 0.048887864, 0.18207206, 0.70669603, -0.704604, 0.055116195, 0.03280261
395.178568791, 000175, 0.108253226, 0.04883288, 0.18207012, 0.70679164, -0.70451874, 0.055019293, 0.03273775
395.195241083, 000176, 0.10821916, 0.048784547, 0.18206531, 0.7068378, -0.70448935, 0.054867167, 0.032629155
395.211913875, 000177, 0.10812992, 0.048806276, 0.18222752, 0.7068535, -0.70448154, 0.054786544, 0.032591403
395.228585, 000178, 0.10809384, 0.04880536, 0.18232872, 0.7068032, -0.7045356, 0.05473247, 0.03260523
395.245257541, 000179, 0.108116955, 0.048776418, 0.18233189, 0.70671713, -0.70462537, 0.054674696, 0.032628983
395.261929458, 000180, 0.108158976, 0.04875414, 0.18231058, 0.7066363, -0.70471245, 0.054586962, 0.03264597
395.27860125, 000181, 0.10820617, 0.048746645, 0.18228208, 0.7065909, -0.70476806, 0.05447387, 0.03261788
395.29527375, 000182, 0.10824469, 0.04874428, 0.18224555, 0.7066063, -0.70476365, 0.05435542, 0.032574862
395.311946208, 000183, 0.10823344, 0.04882599, 0.18244213, 0.7066707, -0.7047095, 0.054230858, 0.032557745
395.32861775, 000184, 0.108215556, 0.04888862, 0.18258034, 0.70676136, -0.7046322, 0.054086354, 0.032502465
395.345290416, 000185, 0.10820021, 0.04891104, 0.18261145, 0.7068544, -0.70454997, 0.05403883, 0.032340243
395.361961833, 000186, 0.10818765, 0.048914354, 0.18258637, 0.7069021, -0.7045061, 0.054059464, 0.032220777
395.37863375, 000187, 0.10818582, 0.048910845, 0.1825162, 0.70689255, -0.70451313, 0.05410824, 0.03219355
395.395306375, 000188, 0.10820438, 0.04890067, 0.1824152, 0.70682317, -0.7045815, 0.054103866, 0.032227624
395.41197825, 000189, 0.108059525, 0.04894418, 0.18255112, 0.7067892, -0.7046186, 0.054018516, 0.032306116
395.428650333, 000190, 0.10796235, 0.048980545, 0.18261176, 0.7068353, -0.70458037, 0.05389184, 0.0323416
395.445325375, 000191, 0.10793252, 0.049006496, 0.1825836, 0.7068948, -0.7045266, 0.0538598, 0.032264754
395.461995041, 000192, 0.107925214, 0.049033202, 0.18254012, 0.7069475, -0.7044765, 0.05391487, 0.03211303
395.478666083, 000193, 0.10794, 0.049057893, 0.18249679, 0.70696616, -0.7044705, 0.053866368, 0.031913716
395.49533875, 000194, 0.107745156, 0.04919808, 0.18290195, 0.7069112, -0.7045484, 0.05366425, 0.031752087
395.512011583, 000195, 0.10772576, 0.049256448, 0.1830135, 0.7068801, -0.70459473, 0.053563934, 0.03158682
395.528682958, 000196, 0.10777649, 0.04928092, 0.18302031, 0.7068356, -0.70464975, 0.05349105, 0.031474862
395.545355125, 000197, 0.10785821, 0.049286775, 0.18298703, 0.70679754, -0.7046965, 0.053427376, 0.031392913
395.562027333, 000198, 0.107953444, 0.049279064, 0.18293776, 0.70678216, -0.7047194, 0.053378686, 0.03130835
395.578698833, 000199, 0.108056545, 0.04926342, 0.1828846, 0.70679283, -0.7047124, 0.053391594, 0.031204175
395.595371791, 000200, 0.10779399, 0.04934719, 0.18332681, 0.706767, -0.7047486, 0.053379368, 0.030991025
395.612044375, 000201, 0.10778755, 0.049354106, 0.18342483, 0.70675, -0.70477116, 0.053361118, 0.03089759
395.628715541, 000202, 0.10786338, 0.04933486, 0.18339737, 0.7067588, -0.7047721, 0.05321335, 0.030928366
395.64538925, 000203, 0.10796031, 0.049306147, 0.18332939, 0.70679605, -0.7047504, 0.052963637, 0.031000176
395.662059583, 000204, 0.10805318, 0.049274668, 0.18325533, 0.7068687, -0.7046889, 0.05285484, 0.030928193
395.678734833, 000205, 0.108141586, 0.04923811, 0.18317516, 0.70693, -0.7046255, 0.052964658, 0.030782556
395.695403708, 000206, 0.107846245, 0.049228154, 0.18367934, 0.7069231, -0.7046352, 0.053000513, 0.03065556
395.712076458, 000207, 0.10782491, 0.04921496, 0.1837957, 0.70687383, -0.70469236, 0.05292899, 0.030601729
395.728750541, 000208, 0.10789551, 0.049210876, 0.18378216, 0.70681435, -0.70476186, 0.052788936, 0.030617332
395.745420666, 000209, 0.10799402, 0.049215768, 0.18372595, 0.70678943, -0.7047993, 0.052599985, 0.030656314
395.762092291, 000210, 0.10809623, 0.04922727, 0.1836596, 0.7068023, -0.7048, 0.052420776, 0.03064769
395.778763833, 000211, 0.108192354, 0.04924096, 0.1835958, 0.70681465, -0.7047949, 0.05236151, 0.030582916
395.79543725, 000212, 0.10799782, 0.049066234, 0.18413627, 0.7067267, -0.7048915, 0.05234154, 0.030422054
395.812109333, 000213, 0.10802147, 0.049010746, 0.18428567, 0.70668924, -0.7049385, 0.05227786, 0.030316386
395.828781125, 000214, 0.10812652, 0.04898433, 0.18430369, 0.70667243, -0.70496756, 0.05217262, 0.030212546
395.845452333, 000215, 0.108272105, 0.048957247, 0.18426509, 0.70668626, -0.7049629, 0.052063737, 0.030185558
395.862125375, 000216, 0.108457476, 0.04892683, 0.18419434, 0.70670813, -0.7049456, 0.051990673, 0.030202363
395.878796666, 000217, 0.10867418, 0.048893385, 0.1841122, 0.7067171, -0.70494175, 0.05193029, 0.030188013
395.895469666, 000218, 0.10863306, 0.048855748, 0.1844939, 0.70669705, -0.7049751, 0.05175339, 0.030180786
395.912142375, 000219, 0.10877903, 0.048818275, 0.18455349, 0.706682, -0.7050033, 0.05153885, 0.030243363
395.928813541, 000220, 0.10898948, 0.04876093, 0.18449494, 0.70659554, -0.70509404, 0.05142831, 0.030335898
395.94548575, 000221, 0.10921754, 0.048685987, 0.18439412, 0.7064748, -0.7052076, 0.05149886, 0.030388879
395.962158041, 000222, 0.109449044, 0.048601076, 0.18427017, 0.7063569, -0.7053149, 0.051658764, 0.030368228
395.978829208, 000223, 0.10967506, 0.048513476, 0.18412898, 0.70631087, -0.70535225, 0.051775374, 0.030370863
395.995502416, 000224, 0.10929324, 0.04840162, 0.18456161, 0.706367, -0.7052988, 0.051776458, 0.030305894
396.012174625, 000225, 0.109270975, 0.048312053, 0.18458644, 0.70645356, -0.705206, 0.05180374, 0.030399699
396.028846166, 000226, 0.10937123, 0.048229158, 0.18448801, 0.70655304, -0.70509654, 0.051871464, 0.03050998
396.045520708, 000227, 0.10952002, 0.04814752, 0.18437082, 0.70664537, -0.70499605, 0.051931117, 0.030595142
396.062190458, 000228, 0.10969734, 0.04807268, 0.18426229, 0.7067236, -0.7049154, 0.051909834, 0.030681295
396.078861916, 000229, 0.10989146, 0.048007976, 0.18416859, 0.7068041, -0.70483744, 0.051829584, 0.030754447
396.095534416, 000230, 0.1093439, 0.047963396, 0.1845369, 0.706998, -0.70464534, 0.05178981, 0.030766599
396.112206916, 000231, 0.10925113, 0.04791194, 0.18460488, 0.70709217, -0.7045524, 0.05176563, 0.03076956
396.128878916, 000232, 0.10931936, 0.047861792, 0.18457645, 0.70712703, -0.70451766, 0.05179384, 0.03071774
396.145550958, 000233, 0.10945141, 0.047814675, 0.18450716, 0.7071227, -0.7045227, 0.05181577, 0.030664677
396.162222583, 000234, 0.10961196, 0.047763094, 0.18440543, 0.7071088, -0.70454085, 0.051771916, 0.03064131
396.178894541, 000235, 0.109784976, 0.04770069, 0.18427823, 0.7070992, -0.70454997, 0.05175717, 0.030677896
396.195566875, 000236, 0.10923273, 0.04756747, 0.18443622, 0.7071797, -0.7044601, 0.051837966, 0.030750336
396.21224025, 000237, 0.109151885, 0.04748997, 0.18440874, 0.70716006, -0.7044766, 0.051845536, 0.030811444
396.22891125, 000238, 0.10923308, 0.047441956, 0.18433388, 0.7070944, -0.70454663, 0.05177533, 0.030834913
396.245583291, 000239, 0.10936512, 0.047407597, 0.18424998, 0.70703244, -0.7046182, 0.051648207, 0.030833902
396.262255041, 000240, 0.10951038, 0.047376074, 0.18416277, 0.706992, -0.7046681, 0.05152356, 0.03083119
396.278927208, 000241, 0.10966485, 0.047342237, 0.1840744, 0.70695734, -0.70471025, 0.051451392, 0.030782582
396.295599541, 000242, 0.10955678, 0.04703465, 0.18411753, 0.70694476, -0.7047215, 0.051481478, 0.030764323
396.312272083, 000243, 0.10961932, 0.046911776, 0.18406396, 0.70686024, -0.7048032, 0.051499058, 0.030799132
396.328943416, 000244, 0.10973464, 0.04685709, 0.1839789, 0.7067829, -0.70487666, 0.051491942, 0.030907832
396.345617708, 000245, 0.10986014, 0.046838, 0.18389398, 0.70677125, -0.7048954, 0.05135663, 0.03097391
396.362287958, 000246, 0.10998154, 0.046836875, 0.18382572, 0.70681506, -0.70486933, 0.051177148, 0.030862093
396.378962833, 000247, 0.11010963, 0.046839643, 0.1837549, 0.7068412, -0.7048587, 0.05105393, 0.030710315
396.395631541, 000248, 0.11018503, 0.04646834, 0.1836522, 0.7069224, -0.7047854, 0.050932404, 0.030725947
396.412304583, 000249, 0.11030091, 0.04634002, 0.18354507, 0.70691246, -0.70479715, 0.05086813, 0.03079335
396.42897625, 000250, 0.11042166, 0.04629625, 0.18345053, 0.70691025, -0.7048004, 0.050852645, 0.030794116
396.445648625, 000251, 0.11053649, 0.046287023, 0.18337879, 0.70691586, -0.70479864, 0.050890084, 0.030645091
396.462320916, 000252, 0.11064217, 0.0462876, 0.18330944, 0.70694554, -0.7047739, 0.05093397, 0.030455763
396.478992041, 000253, 0.110750146, 0.046287306, 0.18323103, 0.7069503, -0.70476985, 0.050997756, 0.030329267
396.49566425, 000254, 0.11028856, 0.046464037, 0.18347542, 0.7069735, -0.7047379, 0.051138848, 0.030293895
396.512336625, 000255, 0.11020917, 0.04651144, 0.18352175, 0.7069343, -0.7047791, 0.051156595, 0.03022085
396.529008791, 000256, 0.11024824, 0.04652116, 0.18351074, 0.706871, -0.70485115, 0.051104333, 0.030108286
396.545680708, 000257, 0.11032055, 0.046524897, 0.18347903, 0.70684433, -0.70488393, 0.05109739, 0.02997861
396.562352666, 000258, 0.11040358, 0.046530865, 0.18343487, 0.70682174, -0.7049058, 0.05115361, 0.029903064
396.579024166, 000259, 0.11048007, 0.046538405, 0.18339555, 0.7067749, -0.7049507, 0.05121263, 0.02985051
396.59569675, 000260, 0.11075623, 0.046607837, 0.1839598, 0.70669764, -0.7050357, 0.051140398, 0.029794006
396.612370208, 000261, 0.11087832, 0.046654813, 0.18416832, 0.70662814, -0.7051188, 0.051092125, 0.029557144
396.629043291, 000262, 0.11095138, 0.046696957, 0.1842609, 0.7065207, -0.705239, 0.051056318, 0.02932061
396.645715541, 000263, 0.11100422, 0.046745703, 0.18430749, 0.7064179, -0.70535123, 0.05100198, 0.029191682
396.662387125, 000264, 0.11103521, 0.046804972, 0.18433827, 0.7063549, -0.7054224, 0.05095087, 0.029083235
396.679059166, 000265, 0.111034706, 0.0468696, 0.18436694, 0.7063365, -0.70544827, 0.050931044, 0.02893892
396.695729791, 000266, 0.11159779, 0.047228403, 0.18509594, 0.70629793, -0.7054933, 0.050867915, 0.028893651
396.712401875, 000267, 0.11177219, 0.047390748, 0.18536106, 0.70628667, -0.7055138, 0.050805103, 0.028780796
396.729073458, 000268, 0.111814514, 0.047481943, 0.185476, 0.7062927, -0.7055151, 0.05078756, 0.028629849
396.7457505, 000269, 0.11181252, 0.047548026, 0.18552743, 0.7063076, -0.70550245, 0.050804105, 0.028544128
396.76241925, 000270, 0.11179891, 0.047605038, 0.18555403, 0.7063269, -0.70548624, 0.05078911, 0.028491477
396.779089291, 000271, 0.111774534, 0.047652137, 0.18557781, 0.7063267, -0.7054967, 0.050666723, 0.02845593
396.795764875, 000272, 0.11197607, 0.048369948, 0.18594441, 0.70626867, -0.70555514, 0.050660644, 0.02845771
396.812434458, 000273, 0.112032026, 0.048609078, 0.18607935, 0.7061999, -0.7056278, 0.05064667, 0.028390037
396.829106166, 000274, 0.11204785, 0.04869165, 0.18611994, 0.7061186, -0.7057118, 0.050630473, 0.028352372
396.845778416, 000275, 0.11205345, 0.048718687, 0.18612087, 0.70602506, -0.7058098, 0.05055482, 0.028380884
396.862452708, 000276, 0.11204332, 0.048717737, 0.1861085, 0.70590955, -0.70593566, 0.0503614, 0.02846409
396.879124541, 000277, 0.11200072, 0.048704855, 0.18609439, 0.70583445, -0.7060198, 0.05021318, 0.028500466
396.895794333, 000278, 0.111679725, 0.04899289, 0.18618044, 0.7057637, -0.7060855, 0.05033214, 0.028417725
396.912466208, 000279, 0.111506656, 0.04905454, 0.18618888, 0.7057154, -0.70612913, 0.05046275, 0.028300181
396.92913975, 000280, 0.111373335, 0.04903651, 0.18615729, 0.7056711, -0.7061653, 0.05059509, 0.02826671
396.945810625, 000281, 0.111246094, 0.048991647, 0.18611188, 0.70568204, -0.70614517, 0.05067385, 0.028352452
396.962482833, 000282, 0.11110473, 0.048942383, 0.18607087, 0.7057669, -0.7060553, 0.05067779, 0.028472098
396.979154291, 000283, 0.11094944, 0.04888888, 0.18604055, 0.70584226, -0.705979, 0.05071817, 0.028424956
396.995827208, 000284, 0.11072482, 0.048651468, 0.18615977, 0.7058419, -0.7059809, 0.05081742, 0.028208997
397.012499166, 000285, 0.11055991, 0.048529644, 0.18617041, 0.70583683, -0.7059823, 0.050929956, 0.028097175
397.02917125, 000286, 0.110430405, 0.048448976, 0.18611443, 0.70586085, -0.70595086, 0.05097154, 0.028208705
397.045844041, 000287, 0.110326156, 0.048394717, 0.18603139, 0.70592546, -0.7058731, 0.05102996, 0.028427878
397.062515291, 000288, 0.11023915, 0.048356585, 0.18595761, 0.70595413, -0.7058374, 0.051066563, 0.02853695
397.079187041, 000289, 0.110152766, 0.048328627, 0.18590583, 0.70595163, -0.7058394, 0.051093128, 0.028505273
397.095859583, 000290, 0.11013174, 0.048187792, 0.18612081, 0.70590067, -0.70589256, 0.05118484, 0.028284917
397.112534708, 000291, 0.11008258, 0.04813579, 0.18619916, 0.7058721, -0.7059191, 0.051343054, 0.028048865
397.129203583, 000292, 0.11005324, 0.04811194, 0.18622345, 0.70580965, -0.7059793, 0.051449876, 0.027909521
397.145879041, 000293, 0.11005062, 0.048099753, 0.18621536, 0.7057158, -0.7060754, 0.051400654, 0.027941018
397.162548041, 000294, 0.1100537, 0.048098523, 0.18619053, 0.70567656, -0.7061197, 0.05125194, 0.028085135
397.179219458, 000295, 0.11004141, 0.0481096, 0.18617567, 0.7057154, -0.7060869, 0.05113801, 0.028142653
397.195894958, 000296, 0.11032213, 0.048288368, 0.18641202, 0.7057336, -0.7060765, 0.051095974, 0.028023547
397.212565208, 000297, 0.11041632, 0.04834606, 0.18647808, 0.7058083, -0.70600337, 0.051181994, 0.027824635
397.229238541, 000298, 0.11045645, 0.048363898, 0.18646981, 0.70587915, -0.7059266, 0.05132088, 0.02771796
397.245911, 000299, 0.11047928, 0.048375838, 0.18644187, 0.7059613, -0.7058341, 0.05148005, 0.027689723
397.262580791, 000300, 0.11050216, 0.048388485, 0.18642417, 0.70598894, -0.705797, 0.05165029, 0.02761302
397.279251958, 000301, 0.110535875, 0.048401687, 0.18642002, 0.7059467, -0.7058395, 0.051767044, 0.027387362
397.295924833, 000302, 0.110539496, 0.048718885, 0.18677245, 0.7057973, -0.7059902, 0.051837236, 0.02721877
397.312596875, 000303, 0.11057515, 0.048825894, 0.18687895, 0.70569897, -0.7060955, 0.051770475, 0.027164819
397.329269166, 000304, 0.110610045, 0.048870448, 0.18690681, 0.7056865, -0.70610636, 0.051793523, 0.027162122
397.345940916, 000305, 0.11062831, 0.048895746, 0.1869174, 0.70574933, -0.7060381, 0.05194291, 0.027017348
397.362612708, 000306, 0.11064042, 0.04891397, 0.18691379, 0.70582837, -0.7059539, 0.052114204, 0.026824273
397.379284375, 000307, 0.11065501, 0.048925065, 0.18688764, 0.7058554, -0.70592403, 0.05219654, 0.026736923
397.395958291, 000308, 0.110749155, 0.049138356, 0.18710159, 0.7058105, -0.7059657, 0.052212518, 0.026791973
397.41262925, 000309, 0.11079283, 0.049221553, 0.18714143, 0.7058164, -0.70595855, 0.05224339, 0.026765665
397.429302083, 000310, 0.11081973, 0.049264476, 0.18713175, 0.7058691, -0.7059032, 0.0523573, 0.026612606
397.4459735, 000311, 0.11084603, 0.04930228, 0.18710446, 0.70596755, -0.7058033, 0.052474666, 0.02641777
397.462648375, 000312, 0.11088082, 0.04934019, 0.18706623, 0.70606387, -0.70571375, 0.05245598, 0.026272545
397.479316666, 000313, 0.11093101, 0.049373977, 0.18701312, 0.7061607, -0.70562565, 0.052352432, 0.026242353
397.495989833, 000314, 0.11102435, 0.049456324, 0.18727347, 0.70615554, -0.70563674, 0.052182395, 0.026420616
397.512661541, 000315, 0.111122325, 0.049481004, 0.18731913, 0.7060933, -0.7057029, 0.0520626, 0.026552502
397.529336208, 000316, 0.11123024, 0.049471736, 0.18729953, 0.7060079, -0.7057932, 0.052015852, 0.026516536
397.546008041, 000317, 0.11136427, 0.0494414, 0.18725288, 0.70582366, -0.7060046, 0.05170565, 0.026401602
397.562678291, 000318, 0.11152536, 0.049366422, 0.18714347, 0.70550084, -0.7063412, 0.051500376, 0.026424615
397.579349375, 000319, 0.11168866, 0.04926185, 0.18696827, 0.7052518, -0.7065783, 0.051540997, 0.026653249
397.5960225, 000320, 0.11185594, 0.049133606, 0.18673319, 0.7050042, -0.70678943, 0.05185764, 0.026991423
397.612694458, 000321, 0.111931056, 0.049007725, 0.1866005, 0.7048344, -0.70690817, 0.05246463, 0.027142499
397.629366291, 000322, 0.11192059, 0.04889053, 0.18661611, 0.704742, -0.70693415, 0.05328909, 0.027258933
397.646040333, 000323, 0.112029314, 0.04875305, 0.18646885, 0.70466673, -0.70693296, 0.054244425, 0.027351916
397.662713, 000324, 0.11220894, 0.048630632, 0.18630019, 0.70462596, -0.7069075, 0.055055603, 0.027440194
397.679382083, 000325, 0.11245988, 0.04852441, 0.18614998, 0.7045069, -0.7070051, 0.055276316, 0.027536774
397.696064291, 000326, 0.11234393, 0.04861115, 0.18647625, 0.704289, -0.70724255, 0.05496254, 0.027643587
397.712728791, 000327, 0.11255653, 0.04859576, 0.18654235, 0.7038691, -0.7076993, 0.054405116, 0.02775171
397.729403083, 000328, 0.11289312, 0.048534825, 0.18649977, 0.7033345, -0.70826674, 0.053818393, 0.027970403
397.7460755, 000329, 0.11326754, 0.04844131, 0.18637607, 0.70273995, -0.7088703, 0.0534119, 0.028401941
397.762747208, 000330, 0.113630086, 0.048339084, 0.1862052, 0.7021426, -0.7094527, 0.05324265, 0.028944802
397.779419666, 000331, 0.113947615, 0.048254605, 0.18603201, 0.7016591, -0.7099171, 0.05326544, 0.029236604
397.796090416, 000332, 0.11365471, 0.048292447, 0.18646686, 0.7013357, -0.7102267, 0.053470373, 0.029104736
397.81276075, 000333, 0.11365791, 0.048277386, 0.18653704, 0.7011678, -0.7103889, 0.05365538, 0.028851507
397.829431541, 000334, 0.11373502, 0.04824152, 0.18647307, 0.70112705, -0.71041524, 0.053886022, 0.028761402
397.846103625, 000335, 0.113828436, 0.048203673, 0.18635777, 0.7012118, -0.7103083, 0.054133102, 0.028872276
397.862774583, 000336, 0.11393775, 0.04817413, 0.18625398, 0.70135283, -0.71014863, 0.054370873, 0.028929291
397.879448583, 000337, 0.11408357, 0.048147663, 0.18617827, 0.7015304, -0.7099671, 0.054460865, 0.02891093
397.896123958, 000338, 0.11353943, 0.048224416, 0.18679261, 0.70166487, -0.7098475, 0.054266136, 0.028950673
397.912791833, 000339, 0.11351964, 0.048242435, 0.18698314, 0.7016886, -0.7098537, 0.053816486, 0.029061694
397.92946375, 000340, 0.11369018, 0.04825255, 0.18705526, 0.70156604, -0.71000695, 0.05337869, 0.029084502
397.946138833, 000341, 0.11393842, 0.048263714, 0.18709378, 0.70134765, -0.7102462, 0.053150784, 0.028928818
397.962809541, 000342, 0.11422196, 0.048276056, 0.18712085, 0.7010835, -0.71051836, 0.053127017, 0.02868895
397.979479666, 000343, 0.1145279, 0.048293956, 0.18715, 0.7007591, -0.7108333, 0.05331043, 0.028471256
397.996154833, 000344, 0.11483839, 0.048323605, 0.18720013, 0.7004004, -0.7111648, 0.053752307, 0.028187405
398.012826875, 000345, 0.11472305, 0.0485645, 0.187618, 0.70022225, -0.71131927, 0.054219857, 0.02781924
398.029495958, 000346, 0.114363074, 0.048945908, 0.18828937, 0.70016134, -0.7113884, 0.054418474, 0.027188057
398.046168291, 000347, 0.11443934, 0.049157485, 0.18863125, 0.70006937, -0.71151304, 0.05433424, 0.026452953
398.062840791, 000348, 0.11466517, 0.049331766, 0.18882863, 0.69994015, -0.7116752, 0.05420975, 0.025759002
398.079512333, 000349, 0.114962325, 0.04951677, 0.18892892, 0.6997215, -0.71191466, 0.054125488, 0.025251558
398.096185333, 000350, 0.11415644, 0.049930327, 0.18964037, 0.6994523, -0.7121941, 0.054146294, 0.024784196
398.11285925, 000351, 0.11406644, 0.050227582, 0.1898767, 0.6994466, -0.7122169, 0.054038484, 0.02452115
398.129528208, 000352, 0.11416726, 0.05049166, 0.18996732, 0.6996447, -0.71203727, 0.05399851, 0.024172267
398.146200958, 000353, 0.11429992, 0.05072991, 0.19002643, 0.69991475, -0.71177834, 0.05412843, 0.023686549
398.162872416, 000354, 0.11444032, 0.05092683, 0.19008109, 0.70012003, -0.7115728, 0.054410264, 0.02314038
398.179544375, 000355, 0.11459604, 0.051083453, 0.19013226, 0.7002441, -0.7114501, 0.054609973, 0.02268718
398.196216625, 000356, 0.114775315, 0.051194444, 0.19018199, 0.70022, -0.71148723, 0.054586384, 0.022319054
398.21289075, 000357, 0.11487211, 0.051189158, 0.19020213, 0.7002654, -0.71145433, 0.05441372, 0.02236586
398.229561, 000358, 0.11490263, 0.05111381, 0.19022319, 0.7003108, -0.7114291, 0.054150384, 0.022386182
398.246233208, 000359, 0.11498606, 0.051082853, 0.190264, 0.700314, -0.711442, 0.053944346, 0.022374133
398.262905125, 000360, 0.11506902, 0.05104735, 0.19028272, 0.70026624, -0.71148425, 0.053940535, 0.022530943
398.279577208, 000361, 0.11513178, 0.05099478, 0.19027579, 0.7001909, -0.7115444, 0.053988114, 0.022859357
398.29624975, 000362, 0.114407465, 0.050757065, 0.19041847, 0.7002003, -0.71153194, 0.053928558, 0.023097198
398.312921875, 000363, 0.114100784, 0.05060885, 0.190465, 0.70037603, -0.7113552, 0.053906266, 0.023263806
398.32959375, 000364, 0.113903046, 0.050484788, 0.19044419, 0.7006147, -0.7111132, 0.053937826, 0.023404686
398.346265875, 000365, 0.113724485, 0.050352853, 0.19035882, 0.7008492, -0.71085924, 0.05412627, 0.023660172
398.362937666, 000366, 0.113551676, 0.050201043, 0.19023176, 0.70101804, -0.7106598, 0.05439106, 0.024040982
398.379609583, 000367, 0.11337872, 0.05003703, 0.19008563, 0.7011385, -0.71051145, 0.054593943, 0.024447577
398.396283208, 000368, 0.112787694, 0.049097646, 0.19066289, 0.7012969, -0.7103527, 0.054566283, 0.024578642
398.412955625, 000369, 0.11246124, 0.04868516, 0.19076878, 0.7014882, -0.7101489, 0.05461831, 0.02489243
398.429625583, 000370, 0.112201974, 0.048446998, 0.19072217, 0.70162106, -0.7100015, 0.054642364, 0.02529443
398.446298291, 000371, 0.11194484, 0.048278682, 0.1906323, 0.70170057, -0.7099032, 0.054686517, 0.025749873
398.462970583, 000372, 0.11168115, 0.048157334, 0.1905455, 0.7016521, -0.7099171, 0.054868598, 0.026290663
398.479642458, 000373, 0.11141679, 0.048080582, 0.19050895, 0.70144534, -0.71008724, 0.055057574, 0.026815977
398.496314875, 000374, 0.111224964, 0.047749452, 0.19085559, 0.70097506, -0.71055204, 0.054863792, 0.027194764
398.512986625, 000375, 0.11102207, 0.047631394, 0.19106594, 0.70057243, -0.7109638, 0.05449217, 0.027555041
398.529659333, 000376, 0.11080648, 0.047591515, 0.1912315, 0.7003389, -0.71121955, 0.05402896, 0.027803613
398.546330791, 000377, 0.110559665, 0.04757555, 0.19137019, 0.70033777, -0.7112458, 0.05369066, 0.027817588
398.563003083, 000378, 0.11028746, 0.047562525, 0.1914693, 0.7004632, -0.7111388, 0.05350646, 0.027748803
398.579674333, 000379, 0.11000861, 0.04755601, 0.19152173, 0.7006309, -0.71097, 0.05353312, 0.02778776
398.596348958, 000380, 0.10962793, 0.047165226, 0.1919763, 0.7006914, -0.71090937, 0.053473815, 0.027928574
398.613019125, 000381, 0.10932565, 0.04705436, 0.19216113, 0.7008712, -0.71072966, 0.053492337, 0.027953686
398.629690958, 000382, 0.10905653, 0.047040164, 0.19227985, 0.7010732, -0.7105475, 0.053318914, 0.02784803
398.646363291, 000383, 0.10881284, 0.047062427, 0.19238374, 0.7012669, -0.7103746, 0.053122755, 0.02775999
398.663036166, 000384, 0.108596146, 0.047094785, 0.19249234, 0.7014284, -0.7102245, 0.053052366, 0.027652074
398.679708416, 000385, 0.10841972, 0.047131285, 0.19260848, 0.70156085, -0.710097, 0.053071916, 0.027528904
398.696381, 000386, 0.10820933, 0.046916097, 0.19318688, 0.70159745, -0.7100813, 0.052870505, 0.027390063
398.713051541, 000387, 0.10808675, 0.046867914, 0.19345503, 0.7016346, -0.7100599, 0.052665886, 0.027388388
398.729723041, 000388, 0.10801968, 0.04687433, 0.19361804, 0.70162326, -0.7100852, 0.052411243, 0.027510127
398.746395958, 000389, 0.1079877, 0.046906743, 0.19376403, 0.7016116, -0.71010953, 0.05221325, 0.02755508
398.763067625, 000390, 0.10797518, 0.04695136, 0.19391501, 0.7015911, -0.71014386, 0.05210293, 0.027402058
398.779739375, 000391, 0.10798487, 0.046998546, 0.19405498, 0.7015381, -0.7102066, 0.05210138, 0.027132925
398.796413083, 000392, 0.10759881, 0.04659074, 0.19416846, 0.7014089, -0.7103453, 0.052130546, 0.026784725
398.813084208, 000393, 0.10749308, 0.04649065, 0.19428615, 0.70125157, -0.71050674, 0.052188676, 0.026509669
398.8297555, 000394, 0.107481346, 0.046492822, 0.1944001, 0.70108366, -0.7106768, 0.052212153, 0.026342193
398.846428291, 000395, 0.107503586, 0.046534885, 0.19452141, 0.70091176, -0.7108467, 0.05232512, 0.026108788
398.863100875, 000396, 0.107532814, 0.04660177, 0.19465336, 0.7007924, -0.71096385, 0.05250379, 0.025764778
398.879777333, 000397, 0.10755867, 0.04667582, 0.1948004, 0.7006944, -0.7110619, 0.052687142, 0.025346493
398.896445708, 000398, 0.10739727, 0.046659812, 0.19539306, 0.7005277, -0.71123624, 0.052756503, 0.024912111
398.9131165, 000399, 0.10737912, 0.04672236, 0.195686, 0.7004134, -0.7113641, 0.052708097, 0.024577301
398.929788458, 000400, 0.10741559, 0.046820756, 0.19585873, 0.7002879, -0.7115028, 0.0526107, 0.024344709
398.946460541, 000401, 0.10746078, 0.046937972, 0.1959795, 0.7002332, -0.71157014, 0.052540995, 0.024098404
398.963132583, 000402, 0.10749785, 0.04705081, 0.19607286, 0.70027024, -0.7115437, 0.052564014, 0.023753962
398.979804291, 000403, 0.107521534, 0.047151424, 0.19612725, 0.7003819, -0.71144116, 0.052600514, 0.023449188
398.996477666, 000404, 0.107861474, 0.047293127, 0.19567996, 0.7004647, -0.71135503, 0.052766856, 0.023214055
399.013150791, 000405, 0.10800299, 0.0473907, 0.19550249, 0.7005321, -0.71128, 0.052949242, 0.023062605
399.029820791, 000406, 0.108096674, 0.047461316, 0.19541553, 0.7005232, -0.7112821, 0.053122796, 0.022871563
399.046493, 000407, 0.10818082, 0.047518305, 0.19537012, 0.70051056, -0.71129566, 0.053227868, 0.02258801
399.063165208, 000408, 0.108260036, 0.047567915, 0.19533998, 0.70053476, -0.7112748, 0.05330754, 0.02230134
399.079836625, 000409, 0.1083459, 0.047611646, 0.195315, 0.7005793, -0.7112301, 0.05344646, 0.021998875
399.096510583, 000410, 0.10830729, 0.04760553, 0.19552067, 0.7005361, -0.7112643, 0.053695444, 0.021659944
399.113181416, 000411, 0.10838816, 0.04762444, 0.19557129, 0.70049685, -0.711302, 0.053788766, 0.021458346
399.129855208, 000412, 0.108510494, 0.047647662, 0.1955553, 0.70046884, -0.711337, 0.05373782, 0.021336619
399.146525375, 000413, 0.10864088, 0.047664538, 0.19549717, 0.7004379, -0.7113752, 0.05367334, 0.021243861
399.163197625, 000414, 0.10876292, 0.047674652, 0.19540495, 0.70041174, -0.71139985, 0.053746656, 0.02109022
399.179869166, 000415, 0.10887079, 0.047671318, 0.19529381, 0.7003315, -0.71146667, 0.05399057, 0.020878704
399.196542125, 000416, 0.10914783, 0.048062623, 0.19581234, 0.7001785, -0.71160555, 0.05416219, 0.020832064
399.213213833, 000417, 0.109277084, 0.04818963, 0.19591598, 0.7000915, -0.7116917, 0.054172736, 0.02078745
399.2298855, 000418, 0.109334454, 0.048230417, 0.195904, 0.70008796, -0.7117037, 0.05411063, 0.020655164
399.246557833, 000419, 0.10934773, 0.048234485, 0.19585109, 0.70016253, -0.7116332, 0.054171484, 0.020398803
399.263230583, 000420, 0.10933298, 0.04821345, 0.19576108, 0.7002362, -0.71154934, 0.054408934, 0.02016257
399.279901666, 000421, 0.10929945, 0.048181716, 0.19563337, 0.7003035, -0.71146345, 0.054669064, 0.02015252
399.2965745, 000422, 0.10933173, 0.047994837, 0.19570848, 0.7004162, -0.71134347, 0.054787703, 0.020145163
399.313246166, 000423, 0.109300494, 0.047933966, 0.19568606, 0.7005126, -0.71125513, 0.054755468, 0.019999126
399.329917958, 000424, 0.1092591, 0.04790906, 0.19562633, 0.70053947, -0.7112415, 0.05469008, 0.019724095
399.346590208, 000425, 0.10922292, 0.047883414, 0.19551177, 0.70052135, -0.7112653, 0.05465067, 0.019616785
399.363262666, 000426, 0.10919887, 0.047839575, 0.1953415, 0.7004364, -0.71134585, 0.054627724, 0.019789841
399.379934, 000427, 0.109180614, 0.047786135, 0.19513893, 0.70033216, -0.7114446, 0.054586068, 0.020042265
399.396610666, 000428, 0.10919723, 0.04788685, 0.19509503, 0.7002318, -0.71153194, 0.054684047, 0.020181911
399.413278625, 000429, 0.109172255, 0.04789699, 0.1949747, 0.70017517, -0.71157837, 0.054817837, 0.020150809
399.429950416, 000430, 0.10912593, 0.047873035, 0.19485092, 0.70014566, -0.7115979, 0.0549922, 0.020004896
399.44662275, 000431, 0.10908307, 0.04784207, 0.19473168, 0.7001456, -0.7115971, 0.055034935, 0.019920057
399.46329475, 000432, 0.1090581, 0.04781869, 0.19460595, 0.70015764, -0.71159405, 0.054909043, 0.019952945
399.479966208, 000433, 0.109041646, 0.047813576, 0.19446176, 0.7002112, -0.71155137, 0.054718968, 0.020113263
399.496639375, 000434, 0.10899405, 0.048048243, 0.19481252, 0.7003141, -0.71146286, 0.054492027, 0.020279406
399.513311333, 000435, 0.108964354, 0.04812196, 0.19485879, 0.7004139, -0.7113691, 0.054402325, 0.020367954
399.5299825, 000436, 0.10893876, 0.04813863, 0.19482423, 0.7005156, -0.7112667, 0.054471746, 0.020259598
399.546655333, 000437, 0.1089444, 0.048121847, 0.19476223, 0.7004816, -0.71129876, 0.054557182, 0.020077929
399.563327208, 000438, 0.10897993, 0.048088934, 0.194666, 0.7003735, -0.7114056, 0.0545618, 0.020052774
399.579999041, 000439, 0.10902712, 0.04804831, 0.19454652, 0.7002634, -0.71151406, 0.054530416, 0.020136189
399.596671708, 000440, 0.109108806, 0.048091907, 0.19489758, 0.7003032, -0.71147084, 0.054562937, 0.020189155
399.613343458, 000441, 0.10917373, 0.048052408, 0.19496141, 0.700277, -0.71148974, 0.054718, 0.02001133
399.630015666, 000442, 0.10925536, 0.047966443, 0.19491674, 0.7001621, -0.71158886, 0.054939233, 0.019894669
399.646687458, 000443, 0.10935329, 0.04786036, 0.19481932, 0.6999877, -0.71174365, 0.055110272, 0.020024544
399.663359666, 000444, 0.10945012, 0.04775478, 0.19471492, 0.69985926, -0.7118597, 0.055152018, 0.020269765
399.680031, 000445, 0.109529644, 0.047653366, 0.19464648, 0.69979775, -0.7119184, 0.055169478, 0.020285372
399.696704083, 000446, 0.109405234, 0.047400676, 0.19510466, 0.6998182, -0.71189886, 0.05529856, 0.019914117
399.713375666, 000447, 0.10941897, 0.047238518, 0.19521125, 0.69971865, -0.7119855, 0.055511802, 0.019721469
399.730047958, 000448, 0.10949948, 0.047103245, 0.19517055, 0.69952416, -0.71215636, 0.055693902, 0.019935988
399.746719791, 000449, 0.1095964, 0.046990283, 0.1951002, 0.6993805, -0.7122861, 0.055723447, 0.020253051
399.7633915, 000450, 0.10967176, 0.046897173, 0.19506708, 0.6993283, -0.712335, 0.05573963, 0.02029522
399.78006325, 000451, 0.1097206, 0.04681081, 0.19507115, 0.6993021, -0.71236235, 0.05582782, 0.019995162
399.796738333, 000452, 0.109798566, 0.046804637, 0.19539274, 0.69920915, -0.7124498, 0.056005515, 0.019630987
399.813408, 000453, 0.10983384, 0.04676005, 0.19545658, 0.6991235, -0.7125207, 0.05616827, 0.019639002
399.830080333, 000454, 0.10985605, 0.046710033, 0.19543608, 0.69905794, -0.71257484, 0.056219082, 0.019861275
399.846752416, 000455, 0.10986163, 0.046665277, 0.19542946, 0.6990327, -0.71259946, 0.056185048, 0.019959627
399.8634245, 000456, 0.10984419, 0.046627045, 0.19545773, 0.69904727, -0.71259284, 0.05615743, 0.019767761
399.880095625, 000457, 0.10980703, 0.04659374, 0.19546792, 0.699052, -0.71258754, 0.056237973, 0.01956479
399.89677, 000458, 0.10981141, 0.046614356, 0.19582793, 0.6990263, -0.7126004, 0.056412853, 0.019504685
399.913440666, 000459, 0.109771684, 0.04660339, 0.19589347, 0.6990258, -0.71258366, 0.056569792, 0.019680692
399.930112958, 000460, 0.109716326, 0.046578, 0.19588675, 0.6990247, -0.7125754, 0.05664583, 0.019800993
399.946784833, 000461, 0.109658, 0.04655849, 0.19587748, 0.6990029, -0.7125931, 0.056716323, 0.019726934
399.963456916, 000462, 0.109607264, 0.04655124, 0.19585706, 0.6989597, -0.712627, 0.05685274, 0.019643668
399.980128416, 000463, 0.10956578, 0.04654433, 0.19581597, 0.6988882, -0.7126846, 0.05697607, 0.01974109
399.996800958, 000464, 0.109525695, 0.046534084, 0.1957736, 0.6988094, -0.71276295, 0.056900363, 0.019918729
400.013473125, 000465, 0.10958592, 0.046413846, 0.19565889, 0.698789, -0.71279544, 0.056715112, 0.019999254
400.030144916, 000466, 0.1096219, 0.046339836, 0.19559604, 0.69874126, -0.712856, 0.056557238, 0.01995505
400.046817291, 000467, 0.10960549, 0.046326037, 0.19556947, 0.69866556, -0.71293813, 0.056472167, 0.019911062
400.063489333, 000468, 0.109558985, 0.046329547, 0.19552717, 0.6985959, -0.7130083, 0.05641871, 0.01999785
400.080161333, 000469, 0.10948606, 0.04633685, 0.19548276, 0.6985563, -0.7130516, 0.056311592, 0.020137288
400.096833166, 000470, 0.10944863, 0.04624179, 0.19551353, 0.6985391, -0.71307176, 0.056296106, 0.020063119
400.113505625, 000471, 0.10937125, 0.04622071, 0.1955387, 0.69853014, -0.71309096, 0.05624886, 0.019823333
400.13017725, 000472, 0.10928646, 0.046217337, 0.19554597, 0.69849235, -0.7131436, 0.056128357, 0.019601123
400.146849375, 000473, 0.10920842, 0.046213612, 0.19551036, 0.6984646, -0.71318066, 0.055989984, 0.019637689
400.163522083, 000474, 0.10913037, 0.046200775, 0.19543836, 0.6985092, -0.7131364, 0.055891115, 0.019936198
400.180193, 000475, 0.10903831, 0.0461853, 0.19536231, 0.6986574, -0.7129899, 0.055836514, 0.020137407
400.196870333, 000476, 0.10893227, 0.046162423, 0.19530268, 0.6987918, -0.7128643, 0.055810023, 0.019993484
400.213537916, 000477, 0.10892149, 0.046024412, 0.19519478, 0.6988583, -0.712799, 0.055873536, 0.019819476
400.230209666, 000478, 0.10893084, 0.045908466, 0.19505435, 0.69878507, -0.71286637, 0.055871755, 0.019985726
400.246881875, 000479, 0.108919844, 0.04582239, 0.19489712, 0.6987044, -0.7129357, 0.055852495, 0.020379782
400.263553708, 000480, 0.108874366, 0.045742635, 0.19475226, 0.69873476, -0.7128991, 0.055863734, 0.020586668
400.280225416, 000481, 0.10880205, 0.045668088, 0.19462076, 0.6988106, -0.71281904, 0.05598379, 0.020458447
400.296901083, 000482, 0.10871172, 0.04558842, 0.1944847, 0.69889504, -0.71272546, 0.056224123, 0.020172294
400.313572208, 000483, 0.1087849, 0.045466088, 0.19438292, 0.69895387, -0.71264803, 0.056487907, 0.020131052
400.33024225, 000484, 0.10884638, 0.04536101, 0.19422868, 0.699003, -0.71258354, 0.056598026, 0.020399882
400.346916541, 000485, 0.10887131, 0.04527457, 0.1940239, 0.69906473, -0.7125079, 0.05664576, 0.020788262
400.363589625, 000486, 0.10887945, 0.04520744, 0.1938163, 0.69915044, -0.71241033, 0.05672956, 0.02102141
400.380258083, 000487, 0.10887179, 0.045166645, 0.19363843, 0.6992719, -0.7122837, 0.05683883, 0.020976521
400.396933125, 000488, 0.10886888, 0.045148317, 0.19349028, 0.6993386, -0.71221924, 0.056909356, 0.020750623
400.413602583, 000489, 0.10896814, 0.045011815, 0.19331425, 0.6993784, -0.71217895, 0.05694471, 0.020692876
400.43027475, 000490, 0.10906793, 0.044922583, 0.19314408, 0.6993582, -0.7121977, 0.05692792, 0.020776676
400.446946833, 000491, 0.10914314, 0.044868343, 0.19297378, 0.6992609, -0.7122916, 0.05693976, 0.020799017
400.463618541, 000492, 0.10919423, 0.044813573, 0.19278847, 0.6991654, -0.71237975, 0.057035927, 0.020727482
400.480290416, 000493, 0.109226525, 0.044745237, 0.19257891, 0.6991146, -0.712424, 0.057160027, 0.020583168
400.496963291, 000494, 0.10924189, 0.044653073, 0.19232933, 0.6990762, -0.7124626, 0.057227477, 0.020362282
400.513637291, 000495, 0.10947043, 0.044434335, 0.19199337, 0.69908243, -0.7124475, 0.05733451, 0.020370407
400.530317333, 000496, 0.10963912, 0.044255257, 0.19162008, 0.6990701, -0.7124343, 0.057554144, 0.020637706
400.546979041, 000497, 0.109724805, 0.04412386, 0.19124004, 0.6990724, -0.71240735, 0.057732604, 0.020985302
400.563651458, 000498, 0.10976167, 0.044019476, 0.19088581, 0.6991267, -0.7123438, 0.057762675, 0.021249948
400.580324375, 000499, 0.10978142, 0.043928478, 0.19057253, 0.699186, -0.7122871, 0.05773138, 0.021286007
400.596996333, 000500, 0.10980226, 0.043843433, 0.19027214, 0.6991551, -0.71231836, 0.057749856, 0.021205345
400.613671458, 000501, 0.10996501, 0.043525983, 0.1899851, 0.6991122, -0.71236074, 0.057708535, 0.021305418
400.630339875, 000502, 0.11009173, 0.043320104, 0.1896648, 0.6990359, -0.7124298, 0.057662573, 0.021619933
400.647011458, 000503, 0.11015968, 0.04321581, 0.18932739, 0.6990236, -0.71243733, 0.057616428, 0.021894194
400.66368325, 000504, 0.1101871, 0.043136325, 0.18899909, 0.6990717, -0.7123902, 0.057639018, 0.021832787
400.680356208, 000505, 0.11019577, 0.043051947, 0.18864557, 0.6991142, -0.7123403, 0.057802066, 0.021668263
400.697027291, 000506, 0.11020836, 0.042954523, 0.18821958, 0.6991217, -0.7123068, 0.058101106, 0.02172715
400.713702, 000507, 0.11017488, 0.04259887, 0.18743272, 0.69913113, -0.7122684, 0.058272082, 0.022218525
400.730371791, 000508, 0.11017458, 0.042341366, 0.18673182, 0.6991713, -0.7122054, 0.05833235, 0.022810597
400.747044125, 000509, 0.11019266, 0.042156845, 0.18613, 0.699284, -0.712078, 0.058379855, 0.023207564
400.763719041, 000510, 0.11020532, 0.04196576, 0.18554811, 0.6994154, -0.71194875, 0.058369294, 0.023237826
400.780390625, 000511, 0.11020504, 0.041746277, 0.18497121, 0.69951683, -0.7118764, 0.058236036, 0.02273234
400.797063333, 000512, 0.110197656, 0.041376445, 0.18417957, 0.69969743, -0.71170104, 0.058331486, 0.022417754
400.813734416, 000513, 0.11019577, 0.041081358, 0.18339355, 0.6998884, -0.71147805, 0.058711294, 0.022543205
