timestamp, a_x, a_y, a_z, alpha_x, alpha_y, alpha_z
368.2334571666667, 0.04400849302299321, -9.77467638552189, -0.7634092596173286, -0.03223367780447006, -0.025134503841400146, 0.02535620890557766
368.24342516666667, -0.128283370686695, -9.772729262709618, -0.7985859628021718, -0.016116203740239143, -0.012141487561166286, 0.015360871329903603
368.2533921666667, -0.21121078491210937, -9.803565723896027, -0.9680343255400659, 0.021772589534521103, 0.004108854569494724, 0.0006133508868515491
368.2633601666667, -0.14340181270614266, -9.754916304945946, -1.0808990362286568, 0.03023904375731945, 0.021641775965690613, -0.0009011887013912201
368.2733281666667, -0.0969984828773886, -9.77811805665493, -1.0018631724268199, 0.01923086866736412, 0.03978562727570534, 0.011532844044268131
368.2832961666667, -0.08666986064985395, -9.790242843031884, -0.8848068121075631, 0.01630384288728237, 0.0518275648355484, 0.013476410880684853
368.2932631666667, -0.05029562942683697, -9.754767785668374, -0.8967822021245957, 0.012761572375893593, 0.043902523815631866, 0.016424262896180153
368.3032311666667, -0.008532056082040072, -9.72587669312954, -0.8065195380896331, 0.0039882599376142025, 0.03515131026506424, 0.01806524768471718
368.31319916666666, -0.05074447631835938, -9.734558638930322, -0.7677502325177193, -0.01057443767786026, 0.028936823830008507, 0.010301865637302399
368.3231671666667, -0.10672792081721127, -9.775273970961571, -0.7999338191002607, -0.026903292164206505, 0.01403389498591423, 0.001668308861553669
368.3331351666667, -0.12259507139213384, -9.785153426527977, -0.8077173402160407, -0.02777281403541565, 0.000719686970114708, -0.00786580704152584
368.3431021666667, -0.17184265136718752, -9.793087513446809, -0.9014222601056099, -0.023374276235699654, 0.00039937905967235565, -0.021841220557689667
368.35307016666667, -0.22647884256206455, -9.819133350849151, -0.9777635807543994, -0.014975198544561863, 0.010905017144978046, -0.031337253749370575
368.3630381666667, -0.191900994759053, -9.769586969017983, -0.982703600898385, -0.00691002095118165, 0.02315402962267399, -0.029982183128595352
368.3730061666667, -0.13247460004873574, -9.747282180190087, -1.0108447149395943, 0.005783137399703264, 0.03232462704181671, -0.02051384560763836
368.3829731666667, -0.08666974187828601, -9.707015914320946, -1.024765546694398, 0.021111926063895226, 0.03657194599509239, -0.009253541007637978
368.3929411666667, -0.06466551820747554, -9.683065719008447, -0.9535140810906888, 0.02871898002922535, 0.029427219182252884, 0.0007034852169454098
368.4029091666667, -0.017813113080337645, -9.697285562753677, -0.8063702148199082, 0.02577243559062481, 0.02552064135670662, 0.013008581474423409
368.4128771666667, -0.05763002042658627, -9.692196730971338, -0.6915588198602199, 0.0006732081528753042, 0.00446489080786705, 0.011924941092729568
368.42284516666666, -0.12723544000647963, -9.72587669312954, -0.5984526548534632, -0.020753612741827965, -0.004606631584465504, 0.010326497256755829
368.4328121666667, -0.1835185999888927, -9.755515059828758, -0.6637168639898301, -0.031580694019794464, -0.005868969950824976, -0.0028715957887470722
368.4427801666667, -0.2612067810818553, -9.796230391860009, -0.8095136779546738, -0.02757328189909458, -0.007303282152861357, -0.016347918659448624
368.4527481666667, -0.29368939792737364, -9.827964400649071, -0.9229772897064686, -0.013142944313585758, -0.004685394931584597, -0.021601535379886627
368.46271616666667, -0.2525249175075442, -9.79203910768032, -1.040932659432292, 0.0033277093898504972, 0.008733700960874557, -0.024242475628852844
368.4726841666667, -0.20088224491104484, -9.776920546889306, -1.0829948244988918, 0.022642284631729126, 0.00760611891746521, -0.020708460360765457
368.4826511666667, -0.17872826856561005, -9.773926772475242, -0.9904872681945562, 0.03152696043252945, -0.0004397798329591751, -0.01358863152563572
368.4926191666667, -0.18127311386168005, -9.739198404550553, -0.856814948245883, 0.024047739803791046, -0.005234002601355314, -0.00998084805905819
368.5025871666667, -0.17618387094698848, -9.739049300551414, -0.78406630307436, 0.007602295372635126, -0.005885631311684847, -0.010355154052376747
368.5125551666667, -0.2134559147246182, -9.765394515395165, -0.7452968513220549, -0.007807287387549877, 0.0007903808727860451, -0.01188034750521183
368.5225221666667, -0.23590944210067394, -9.742940037846566, -0.7526318909972907, -0.012092730961740017, 0.009899436496198177, -0.016659600660204887
368.53249016666666, -0.1803747896756977, -9.737551243901253, -0.8202911927551032, -0.015123941004276276, 0.014905381016433239, -0.015161041170358658
368.5424581666667, -0.10642873523756863, -9.76374793946743, -0.8207404781877995, -0.018004149198532104, 0.015257983468472958, -0.017905162647366524
368.5524261666667, -0.04610417165793479, -9.741595178246499, -0.8752273187041283, -0.012301523238420486, 0.008248808793723583, -0.012970058247447014
368.5623941666667, -0.008382467860355973, -9.755215682387352, -0.9529152531176805, 0.0002838225045707077, -0.005633476655930281, -0.008744608610868454
368.57236116666667, -0.008233034955337644, -9.798327203392983, -0.9830031976103784, 0.009675726294517517, -0.016510892659425735, -0.006490774918347597
368.5823291666667, -0.04894810203462839, -9.823773116469384, -0.9400416576862336, 0.012755504809319973, -0.017707031220197678, -0.006641168147325516
368.5922971666667, -0.10418321256525816, -9.83604759156704, -0.8984286318719388, 0.006362853106111288, -0.010824623517692089, -0.007962362840771675
368.6022651666667, -0.09565121130086482, -9.84248479127884, -0.8827110969275237, 0.0029436887707561255, -0.011982869356870651, -0.007762776222079992
368.61223316666667, -0.05388809476979077, -9.821676889657974, -0.8780711120367051, 0.006421510595828295, -0.010207606479525566, -0.002204492222517729
368.6222001666667, -0.037721393164247274, -9.78934529542923, -0.8804661315679551, 0.015265396796166897, -0.00815530400723219, 0.0010560727678239346
368.6321681666667, -0.049846371402963996, -9.758957315683366, -0.8954347843676806, 0.02042180858552456, -0.014078173786401749, 0.004991425666958094
368.6421361666667, -0.036673946706578135, -9.75027712404728, -0.8828613703697921, 0.014476438984274864, -0.01718345284461975, 0.0036538131535053253
368.6521041666667, -0.056582235926762224, -9.74234303712845, -0.8907945071160793, 0.010919255204498768, -0.021305494010448456, 0.002198395784944296
368.6620721666667, -0.13112728279083968, -9.755516813993454, -0.899925299808383, 0.01352187991142273, -0.028475312516093254, -0.0060055674985051155
368.6720391666667, -0.13576780672185124, -9.743839339613915, -0.863252074867487, 0.014529353007674217, -0.028475578874349594, -0.010802187025547028
368.68200716666666, -0.1437013454642147, -9.71749470949173, -0.8228356817364693, 0.01309078186750412, -0.0186805110424757, -0.019305013120174408
368.6919751666667, -0.13801287258043887, -9.722583541274071, -0.8334642387181521, 0.01365989912301302, -0.010534700937569141, -0.022694416344165802
368.7019431666667, -0.07918530584312976, -9.702376148700715, -0.800382300540805, 0.006378093734383583, -0.02079649455845356, -0.020504729822278023
368.7119101666667, 0.007185296136885882, -9.669444045424461, -0.7584691663831473, 4.617002559825778e-06, -0.024487368762493134, -0.01049204170703888
368.72187816666667, 0.04026616993825883, -9.66645144045353, -0.8053223206847907, -0.0069601587019860744, -0.043318480253219604, -0.0015236176550388336
368.7318461666667, 0.018261836632154884, -9.680969492197038, -0.8002326849102974, -0.014943782240152359, -0.052221160382032394, 0.004749724641442299
368.7418141666667, -0.06601265273988247, -9.740694707036019, -0.8705865298211575, -0.013008623383939266, -0.035734016448259354, -0.006349931005388498
368.7517821666667, -0.15732306472957136, -9.768836186528207, -0.9461794068664313, -0.013295711949467659, -0.029000213369727135, -0.011744963005185127
368.7617491666667, -0.14429980341810733, -9.754766031503678, -0.9815060911327601, -0.009762329049408436, -0.018851853907108307, -0.016721952706575394
368.7717171666667, -0.09984240868594497, -9.735605290532112, -1.0449735239893199, -0.0011201051529496908, -0.005059876479208469, -0.014529906213283539
368.7816851666667, -0.07424565571825952, -9.70387128174305, -1.0554525384306908, 0.006912475451827049, 0.0033237766474485397, -0.006113328039646149
368.79165316666666, -0.016615479975007477, -9.675582452416421, -1.0422797848284244, 0.006034697871655226, 0.0064529916271567345, 0.0052208187989890575
368.8016211666667, 0.04161335472017527, -9.64968513429165, -0.9847990968078375, 0.000489890284370631, 0.0004011765122413635, 0.014508459717035294
368.8115881666667, 0.04340953257400543, -9.647589492201806, -0.9006744743138552, -0.00635842839255929, -1.4808960258960724e-05, 0.021735746413469315
368.8215561666667, -0.0019457340985536576, -9.674384357929231, -0.9029193665832281, -0.009451949037611485, 0.0007179901003837585, 0.023442624136805534
368.83152416666667, -0.01781282071955502, -9.709261829853059, -0.8939381164312363, -0.010472206398844719, 0.000125969760119915, 0.019456136971712112
368.8414921666667, -0.02874017955735326, -9.733211440443993, -0.8657960522174836, -0.0037243948318064213, -0.002430712804198265, 0.01159461960196495
368.8514601666667, -0.05718128317035735, -9.71509968996048, -0.830469733402133, -0.002874047728255391, 0.0007190080359578133, 0.006168695166707039
368.8614271666667, -0.08277798132039607, -9.762250467538834, -0.8171475834399462, -0.0077415225096046925, 0.0024057626724243164, 0.00024291500449180603
368.8713951666667, -0.10104010574519635, -9.778716811537743, -0.7457461367547512, -0.008109038695693016, 0.005880122072994709, -0.0034229266457259655
368.8813631666667, -0.03682365369983018, -9.778867669701576, -0.7135632810741663, -0.015917062759399414, 0.003929773345589638, -0.001678480301052332
368.8913311666667, -0.03203334054909647, -9.810602263212205, -0.7009894285351038, -0.02118399553000927, -0.0015150588005781174, -0.0023067197762429714
368.90129916666666, -0.053139358805492524, -9.849070510268211, -0.719999603703618, -0.018227552995085716, -0.011630309745669365, -0.002637903206050396
368.9112661666667, -0.04939725042320788, -9.853110936284066, -0.7810726748406888, -0.018079746514558792, -0.018550267443060875, -0.002438965253531933
368.9212341666667, -0.08202963821589947, -9.891732380390168, -0.8416969721764327, -0.024654915556311607, -0.006258138921111822, -0.0037102443166077137
368.9312021666667, -0.11406269554048777, -9.936488138437271, -0.9306117799133062, -0.02280188910663128, -0.0006897356361150742, -0.0040276930667459965
368.941170375, -0.10837467033416033, -9.915382613539697, -0.9987196362018586, -0.01435526181012392, 0.007982977665960789, 0.002066571032628417
368.951138375, -0.09340567035600543, -9.902211175560952, -1.0993108950555326, 0.0004077049088664353, 0.015502679161727428, 0.0025014651473611593
368.96110537500005, -0.07589215398766101, -9.89023490846157, -1.160234496742487, 0.022006992250680923, 0.019439805299043655, 0.006189962849020958
368.971073375, -0.052989807128906254, -9.852512181401254, -1.1645748849213124, 0.038443487137556076, 0.017879724502563477, 0.007179593201726675
368.981041375, -0.029039730587974193, -9.834549534916878, -1.0391363947838546, 0.03616964444518089, 0.00413800124078989, 0.0006995704025030136
368.99100937500003, -0.026345260525122285, -9.817935256361961, -0.9060630489885807, 0.02977539412677288, -0.00440701749175787, -0.0008613085374236107
369.00097737500005, -0.04670273467898369, -9.7909912866354, -0.8253806092590094, 0.019508184865117073, -0.005127244163304567, -0.00993758998811245
369.010945375, -0.07649088146165013, -9.775124282240869, -0.774636352211237, 0.00902465172111988, -0.006312350742518902, -0.015461251139640808
369.020912375, -0.09729769586585463, -9.778416849374771, -0.8406487125903368, 0.007479127962142229, -0.004802851937711239, -0.016538521274924278
369.03088037500004, -0.10029149312060327, -9.773627395033836, -0.9288155883550644, 0.016905652359128, 0.0015610381960868835, -0.01619124412536621
369.040848375, -0.08547228693030776, -9.770782724618913, -0.9764166746288538, 0.030049577355384827, 0.00992810633033514, -0.017139196395874023
369.050816375, -0.0407155238930136, -9.743240584731103, -0.9782125007361174, 0.03312472999095917, 0.011447972618043423, -0.013775624334812164
369.060784375, -0.01901030764449388, -9.706416574716568, -0.8722331057488919, 0.029509885236620903, 0.00681438110768795, -0.011529878713190556
369.07075137500004, -0.01017895634751767, -9.69908124268055, -0.7795759338140488, 0.016774648800492287, 0.008773401379585266, -0.008743944577872753
369.080719375, -0.039667584076523786, -9.714948831796647, -0.7586197321861983, 0.008490717969834805, 0.0063615236431360245, -0.01382810715585947
369.090687375, -0.07424565115012229, -9.698932138681412, -0.7670017889142037, 0.0030789088923484087, 0.003682384267449379, -0.010960149578750134
369.10065537500003, -0.048948312168940904, -9.685011672377588, -0.8448403622210027, 0.007111635059118271, 0.0021365387365221977, -0.0065561579540371895
369.11062337500005, -0.056282867621630435, -9.710459339618684, -0.8843577459454537, 0.005940909497439861, 0.00513019785284996, -0.007334866560995579
369.120590375, -0.05643272079527378, -9.720188521742822, -0.8931893804669381, -5.436106584966183e-05, 0.012773814611136913, -0.0027739163488149643
369.130558375, -0.03562583786901087, -9.698034006357194, -0.8975306457281114, 0.0005792049341835082, 0.01802423596382141, 0.0038818558678030968
369.14052637500004, -0.02903971231542528, -9.69114832520485, -0.8928901492059231, 0.00460515171289444, 0.013713893480598927, 0.007900374010205269
369.15049437500005, -0.02874024807941169, -9.708963037133218, -0.8674432859569788, -0.0016599349910393357, 0.01084886398166418, 0.011968085542321205
369.160462375, -0.03727262849919498, -9.732013930678368, -0.8869024541974068, -0.0020059256348758936, 0.013306445442140102, 0.014088420197367668
369.170430375, -0.05912691220175475, -9.746084085702897, -0.9157922311127187, 0.003164069028571248, 0.012320277281105518, 0.012970957905054092
369.18039737500004, -0.04894818882923573, -9.762101363539696, -0.9199833691120148, 0.00930304266512394, 0.012580073438584805, 0.015917327255010605
369.190365375, -0.06885677041020245, -9.74503684937954, -0.8789689520001411, 0.013719629496335983, 0.005771170370280743, 0.01305762492120266
369.200333375, -0.07918547486420721, -9.764046732187271, -0.8436426331847906, 0.007693162653595209, 0.004236922599375248, 0.012286107987165451
369.21030137500003, -0.11496105170343072, -9.781261519789696, -0.8256802059710027, 0.0017889343434944749, 0.005782888270914555, 0.010102049447596073
369.22026937500004, -0.1142126080999151, -9.759406381845475, -0.8093640623241664, -0.007205252535641193, 0.007407467812299728, 0.005339649505913258
369.230236375, -0.15447882828768345, -9.774225565195085, -0.8265781190246344, -0.007792480289936066, 0.016820676624774933, 0.004141760058701038
369.240204375, -0.16271147495135665, -9.789942880868912, -0.90306890912354, 0.004078476689755917, 0.01508530043065548, -0.0018453863449394703
369.25017237500003, -0.13142672875430436, -9.788446578383446, -0.9186366822570563, 0.011181393638253212, 0.013081004843115807, -0.0012171464040875435
369.26014037500005, -0.1372647259058431, -9.805660781264306, -0.93824583157897, 0.01796276867389679, 0.019393615424633026, -0.0033083385787904263
369.270108375, -0.09834563111420722, -9.789344710707665, -0.914744775518775, 0.015323575586080551, 0.022144660353660583, -0.004847912583500147
369.280075375, -0.0767902451986447, -9.786800002455712, -0.8396012569963932, 0.007099734619259834, 0.023098338395357132, -0.0031845015473663807
369.29004337500004, -0.04640367243904621, -9.774075876474381, -0.8330142954736949, 0.005669084377586842, 0.021449308842420578, -0.0019210982136428356
369.300011375, -0.019908485650084913, -9.767488988041878, -0.8461868298053742, 0.008855009451508522, 0.01069271843880415, -0.0028382749296724796
369.309979375, -0.03218291049823165, -9.753269729018212, -0.8816637144237757, 0.01818033494055271, 0.0010819034650921822, -0.007430630270391703
369.319947375, -0.041164690554142, -9.749678369164467, -0.8996267994493247, 0.024063263088464737, -0.007163064554333687, -0.006545997224748135
369.32991437500004, -0.0604742111871019, -9.769136733412743, -0.8210400748997927, 0.02060115337371826, -0.011959950439631939, -0.013513092882931232
369.339882375, -0.06002515872940421, -9.76105295777321, -0.7443990844488144, 0.006172711029648781, -0.015579288825392723, -0.009156337007880211
369.349850375, -0.030985446413978934, -9.73815058350563, -0.699192798435688, -0.006601939909160137, -0.01381627656519413, -0.0045586563646793365
369.35981837500003, -0.01901035789400339, -9.717943190932274, -0.7352680724859239, -0.010809351690113544, -0.008901712484657764, 0.0009225751273334026
369.36978637500005, -0.025596839762292805, -9.708663074970246, -0.8018796262890101, -0.009202932938933372, -0.001028076745569706, 0.007718695793300867
369.379754375, -0.027991799907758835, -9.73021883547306, -0.8390021366626025, 6.880681030452251e-05, 0.000513729639351368, 0.012191885150969028
369.389721375, -0.05897750670555979, -9.746533151865005, -0.8839091183245182, 0.0009383288561366498, -0.0012793764472007751, 0.010676546022295952
369.39968937500004, -0.05927659178618342, -9.771682026386262, -0.8958839236199856, 0.004668823909014463, -0.010050566866993904, 0.0033205721992999315
369.409657375, -0.08292734113521874, -9.769885761737823, -0.8824119387567044, 0.007723469752818346, -0.014486327767372131, 0.0015442436560988426
369.419625375, -0.11331427934579552, -9.774974593520165, -0.8497800169140101, 0.0032270955853164196, -0.019858935847878456, -0.00622513284906745
369.429593375, -0.12693589811213316, -9.787998681664467, -0.8322668020427227, -5.3652431233786047e-05, -0.014452185481786728, -0.008237151429057121
369.43956137500004, -0.09101086095906795, -9.72542762696743, -0.8505282412469387, -0.0022811205126345158, -0.0006303796544671059, -0.010049164295196533
369.449528375, -0.07125190414488317, -9.70761583864689, -0.8235844177007675, -0.00040652125608175993, 0.007415030151605606, -0.005721794907003641
369.459496375, -0.07529335342347622, -9.71749470949173, -0.8163996514678001, -0.0016027900855988264, 0.017033293843269348, -0.007440296933054924
369.46946437500003, -0.04939740573987365, -9.710458754897118, -0.8264285033941269, -0.0046651591546833515, 0.009627577848732471, -0.005619227886199951
369.47943237500004, -0.01736391444224864, -9.710158792734147, -0.7849645084887743, -0.00990818440914154, -0.0041554151102900505, -0.006976964417845011
369.489400375, -0.002095738020725548, -9.731713383793831, -0.7869109734892845, -0.013156708329916, -0.010420767590403557, -0.0038900948129594326
369.499367375, 0.010178695963695646, -9.739348093271255, -0.8360082891583444, -0.012499501928687096, -0.02066574990749359, -0.003950605168938637
369.50933537500003, -0.013920987071469427, -9.743240584731103, -0.8550191952288151, -0.00964139774441719, -0.024441048502922058, -0.002091718837618828
369.51930337500005, -0.001796479350887239, -9.756862258315087, -0.8925910641252995, -0.006516784895211458, -0.01645064726471901, -0.0001686951145529747
369.529271375, -0.04805008848197759, -9.763898797631263, -0.9331568536162377, -0.0027020731940865517, -0.011375193484127522, 0.0017090998589992523
369.539239375, -0.03727227218449116, -9.753867314457894, -0.938694751560688, 0.004992337431758642, -0.005827394314110279, 0.0055852667428553104
369.54920737500004, -0.05239115274511278, -9.777967783212663, -0.9117511472851039, 0.004602184519171715, 0.0001596584916114807, 0.00893925130367279
369.559174375, -0.06301892400719225, -9.7924870043993, -0.8512764655798674, -0.0048169358633458614, 0.003379794768989086, 0.001058685127645731
369.569142375, -0.07873618943151087, -9.82077934205532, -0.812806756719947, -0.018156178295612335, 0.007457626983523369, -0.002042831853032112
369.579110375, -0.0714016111381352, -9.827364476323128, -0.8681915102899075, -0.01968407817184925, 0.002267405390739441, 0.0029577130917459726
369.58907837500004, -0.04894825278315693, -9.806709187030792, -0.9502212215960026, -0.0035700902808457613, 0.0029212115332484245, 0.007496538572013378
369.599046375, -0.07753905882127583, -9.828714013695718, -1.0096475706249477, 0.009877746924757957, 0.007075675763189793, 0.009152434766292572
369.609014375, -0.07484441060107201, -9.802367629408836, -1.0041087225079537, 0.01891198940575123, 0.010915686376392841, 0.012546367943286896
369.61898137500003, -0.03487736228853464, -9.782009378671647, -0.9334555001556873, 0.0160533357411623, 0.008397853001952171, 0.010909868404269218
369.62894937500005, -0.0161665736977011, -9.790093154311181, -0.92701910443604, 0.019034478813409805, 0.0041029732674360275, 0.012285390868782997
369.638917375, -0.06197118975687772, -9.791291248798371, -0.8723828675597907, 0.01875237561762333, -0.001614980399608612, 0.006416005548089743
369.648885375, -0.07888599235564471, -9.78814720094204, -0.8399005613476038, 0.01876728981733322, 0.00019676797091960907, 0.005021840799599886
369.65885337500004, -0.09654922485351564, -9.786200662851334, -0.830768964663148, 0.01839701645076275, -0.004645634442567825, 0.0027974266558885574
369.668820375, -0.1359173538303003, -9.780662764906884, -0.8056215519458055, 0.018144549801945686, -0.003133225254714489, -0.004847443662583828
369.678788375, -0.1372647122014314, -9.78410502076149, -0.8069688235223293, 0.00786033645272255, 0.0004689386114478111, -0.015504438430070877
369.688756375, -0.111517914198339, -9.757760390639305, -0.80562147885561, 0.009107228368520737, 0.00605784822255373, -0.015476740896701813
369.69872437500004, -0.0576300249947235, -9.71988855957985, -0.8047234196215869, 0.007140657398849726, 0.006298886612057686, -0.010028853081166744
369.708692375, 0.006286903428845108, -9.709110971689224, -0.7931971688568592, 0.01277430821210146, 0.003872479312121868, -0.001552810426801443
369.718660375, 0.04805017527658493, -9.710607858896257, -0.783018701300025, 0.009483560919761658, -0.002145063132047653, 0.01125018484890461
369.72862737500003, 0.06990448181983083, -9.71150657594204, -0.7704449949413539, 0.007569015026092529, -0.012543641962110996, 0.01890064775943756
369.73859537500005, 0.051193743478506804, -9.722135644555092, -0.7457465752959251, -0.0004274906823411584, -0.02119746059179306, 0.018678726628422737
369.748563375, -0.02544705967884511, -9.72587786257267, -0.7424527656286956, -0.007558370474725962, -0.01524076797068119, 0.01593620330095291
369.758531375, -0.09669911457225681, -9.765844751000405, -0.768648803383112, -0.008876794949173927, -0.012127474881708622, 0.008883216418325901
369.76849937500003, -0.1317263300344348, -9.788895644545555, -0.8352600648254157, -0.003878573654219508, -0.0028559453785419464, 0.006626719608902931
369.77846737500005, -0.13037907673045993, -9.787997512221336, -0.9121997018158436, 0.0019052186980843544, 0.006103126332163811, 0.0066919089294970036
369.788434375, -0.13861162746325137, -9.784405567646028, -0.9485747918486596, 0.01117461733520031, 0.014808200299739838, 0.0004007234238088131
369.798402375, -0.1369650058541447, -9.77856712281704, -0.9117510011047125, 0.012749741785228252, 0.02308136597275734, 0.0010080873034894466
369.80837037500004, -0.10373441135510802, -9.764047316908837, -0.8497801630944014, 0.012366512790322304, 0.014261775650084019, -0.0008561257272958755
369.818338375, -0.05778012027963996, -9.745934981703758, -0.7976881228387356, 0.002659860532730818, 0.0005620140582323074, 0.006762668956071138
369.828306375, 0.012124676741659643, -9.745785292983056, -0.7858624946326018, -0.003843046026304364, -0.011609964072704315, 0.015513550490140915
369.838274375, -0.06735989690758289, -9.747132491469383, -0.8550189759582282, -0.0009362293058075011, -0.014495760202407837, 0.014757176861166954
369.84824137500004, -0.1140627320855856, -9.804014205336571, -0.9355513615161181, 0.00789667759090662, -0.00715608848258853, 0.010072410106658936
369.858209375, -0.08876541137695312, -9.77961377441883, -0.9449818240106106, 0.019201286137104034, -0.011015546508133411, 0.0056105852127075195
369.868177375, -0.09415405000559986, -9.773626225590707, -0.8759753968566657, 0.024738529697060585, -0.010506615974009037, -0.004660694394260645
369.87814537500003, -0.08053253173828126, -9.765244241952896, -0.8201415771245957, 0.016133448109030724, -0.01373929250985384, -0.009182626381516457
369.88811337500005, -0.057630276242271065, -9.714499765634537, -0.7164070013165474, 0.0032501383684575558, -0.01827865093946457, -0.0019406923092901707
369.898081375, -0.040116832964122294, -9.68755638062954, -0.6893137814104557, -0.007468430791050196, -0.022595232352614403, 0.003227287670597434
369.908048375, -0.05134324947372079, -9.686809106469155, -0.7476923093944788, -0.013567335903644562, -0.03527134656906128, 0.010723020881414413
369.91801637500004, -0.10717727020382882, -9.717194162607193, -0.7616131411492825, -0.01314106211066246, -0.03027033433318138, 0.013966137543320656
369.927984375, -0.14100686626508832, -9.709709141850473, -0.8798675228655338, -0.010709063149988651, -0.016340937465429306, 0.01718989387154579
369.93795216666666, -0.13187569898553192, -9.706417159438134, -0.9395927377045155, -0.004830522928386927, -0.013507736846804619, 0.015576168894767761
369.9479201666667, -0.14415017408318817, -9.747581557631493, -0.9018712531775237, 0.00016849662642925978, -0.005104931071400642, 0.00912572629749775
369.9578881666667, -0.14714403985999525, -9.747283349633218, -0.9039670414477587, -0.0003266083949711174, 0.00036493968218564987, 0.011801103129982948
369.9678551666667, -0.11990070182830095, -9.757610701918603, -0.857114398777485, -0.0038254691753536463, -0.0037333983927965164, 0.005033212248235941
369.97782316666667, -0.13232494787313046, -9.78530311524868, -0.8372057989239693, -0.006756969261914492, -0.004786086734384298, 0.005295128095895052
369.9877911666667, -0.09804595674388111, -9.775723037123681, -0.8665449343621732, 0.0015398424584418535, -0.01155051589012146, 0.009312506765127182
369.9977591666667, -0.13382190817035736, -9.762999495863914, -0.8807655090093613, 0.0056509035639464855, -0.014464879408478737, 0.004646323621273041
370.0077271666667, -0.16735202629119159, -9.799373854994775, -0.9008236514031888, 0.0026862723752856255, -0.005092949606478214, -0.002919717226177454
370.01769516666667, -0.12888176925480366, -9.795182570815086, -0.867592755407095, 0.002957163145765662, -0.005789905786514282, -0.0004184083081781864
370.0276621666667, -0.08322699266485871, -9.731564279794693, -0.8553180610388518, 0.004606458358466625, -0.007469827774912119, -0.001287131104618311
370.0376301666667, -0.080233154296875, -9.76539510011673, -0.8348107793927193, 0.005287709180265665, -0.0062873102724552155, 0.0005919854156672955
370.0475981666667, -0.09190894760191441, -9.772130507826805, -0.7997835456579924, -0.0021560925524681807, -0.005679310765117407, -0.0007742163725197315
370.0575661666667, -0.10897360794246197, -9.786200662851334, -0.7440993415564299, -0.014592438004910946, -0.0025052912533283234, -0.002918501850217581
370.0675341666667, -0.1125661098305136, -9.811648914813995, -0.7620627189427615, -0.015327204018831253, 0.0036966782063245773, -0.002575220074504614
370.0775021666667, -0.09535178817808629, -9.812696735858918, -0.8153515380620957, -0.006614443380385637, 0.003005783073604107, -0.006790495477616787
370.08747016666666, -0.08068231182172896, -9.787997512221336, -0.8285242185741664, -0.001029528328217566, -0.0006374204531311989, -0.007497298531234264
370.0974371666667, -0.02484853777103126, -9.75820887207985, -0.8457379098236562, 0.0014459640951827168, -0.0017976947128772736, -0.006230606697499752
370.1074051666667, 0.02185458976775408, -9.752072803974151, -0.8734312002360821, 0.007651928346604109, -0.009725659154355526, 0.0013391622342169285
370.1173731666667, 0.01362153653986752, -9.753868483901025, -0.8358592582494021, 0.005639438051730394, -0.0156354121863842, 0.004838880151510239
370.12734116666667, -0.021255542524158955, -9.765993270277978, -0.8208903130888939, 0.004950478207319975, -0.01762000098824501, 0.003644452663138509
370.1373091666667, -0.028141625672578812, -9.791889418959618, -0.8111604000627995, -0.0012346658622846007, -0.019653860479593277, 0.0013270368799567223
370.1472771666667, -0.046702908268198375, -9.78485404908657, -0.7821207151561976, -0.003526582382619381, -0.02123710885643959, -0.0004042843356728554
370.1572441666667, -0.08487350463867188, -9.791738560795784, -0.8075672860443592, 0.0017959136748686433, -0.016926918178796768, -0.009625828824937344
370.1672121666667, -0.11915214858949184, -9.8053614038229, -0.8583120547235012, 0.0049613467417657375, -0.011854128912091255, -0.01469249278306961
370.1771801666667, -0.13397141416557135, -9.820780511498452, -0.8819625802338124, 0.006655602715909481, -0.009875930845737457, -0.01106826402246952
370.1871481666667, -0.09460339025594294, -9.824071909189225, -0.8831600899994374, 0.004459826275706291, -0.005631650798022747, -0.008975552394986153
370.1971161666667, -0.06960519117303193, -9.786349766850472, -0.8836090099811554, 0.009568554349243641, -0.0018122140318155289, -0.0020734290592372417
370.2070841666667, -0.0384700286295265, -9.760156579613685, -0.8964832632243633, 0.014455188997089863, 0.004866461269557476, 0.004585006274282932
370.2170511666667, -0.0465532286837697, -9.760005721449852, -0.8699878480285407, 0.012367635034024715, 0.004264721646904945, 0.004843949340283871
370.2270191666667, -0.059725836105644706, -9.764946618676186, -0.8494808587431908, 0.00935719721019268, 0.006497515365481377, 0.003079072805121541
370.23698716666667, -0.06331820094957948, -9.775873895287514, -0.8472353817522527, 0.010605407878756523, -0.0028089694678783417, -0.002244845498353243
370.2469551666667, -0.10343504304997624, -9.786650898456575, -0.8219378417730332, 0.006939300335943699, -0.00863463431596756, -0.00828889012336731
370.2569231666667, -0.10687764608301223, -9.788446578383446, -0.8565158631652594, 0.007134982384741306, -0.018655909225344658, -0.009034632705152035
370.2668911666667, -0.09924348478205502, -9.771830545663834, -0.850378698706627, 0.00841756071895361, -0.014837736263871193, -0.011978224851191044
370.27685916666667, -0.11166765773668885, -9.752371596693994, -0.8641498417407275, 0.006413811352103949, -0.010542521253228188, -0.010771820321679115
370.2868261666667, -0.11047022106125952, -9.75656171143055, -0.8472352355718613, 0.013074909336864948, 0.00020120292901992798, -0.01140378974378109
370.2967941666667, -0.10478186694905163, -9.737701517343522, -0.8404994624108076, 0.008794023655354977, 0.020592093467712402, -0.0126281613484025
370.3067621666667, -0.09505224628373982, -9.71105750977993, -0.8223872002959252, 0.008804143406450748, 0.030069220811128616, -0.013548548333346844
370.3167301666667, -0.05718118267133832, -9.718092879652977, -0.7532303535193206, -0.003867746563628316, 0.02377982810139656, -0.012978924438357353
370.3266981666667, -0.003742291107773781, -9.728123193383217, -0.7340707819908858, -0.011023926548659801, 0.011749799363315105, -0.007861392572522163
370.3366661666667, 0.020806613406166435, -9.734858601093293, -0.7644569344818593, -0.011160921305418015, -0.008235957473516464, -0.003197790589183569
370.34663316666666, 0.014220410194247963, -9.746384632587434, -0.800382300540805, -0.013228333555161953, -0.016975119709968567, -0.0006536724977195263
370.3566011666667, -0.02754273374564946, -9.775573348402977, -0.8707362185418607, -0.001907127327285707, -0.02334613725543022, 0.0009187823161482811
370.3665691666667, -0.07020405569113791, -9.774377008080483, -0.913248253762722, 0.005808050278574228, -0.014611766673624516, -0.002707377541810274
370.3765371666667, -0.12214607832022012, -9.775275140404702, -0.9554596690088512, 0.01368437334895134, -0.0026326021179556847, -0.006308471318334341
370.38650516666667, -0.1194515260308981, -9.75940696656704, -0.9153434573113919, 0.013777317479252815, 0.012236093170940876, -0.0028458298183977604
370.3964731666667, -0.07125177623704076, -9.750724436044694, -0.8351105953752995, 0.015051760710775852, 0.01262051984667778, 0.0027605078648775816
370.4064411666667, -0.036673891888931394, -9.74743069946766, -0.8096632935851813, 0.009609591215848923, 0.007798600941896439, 0.0025882013142108917
370.4164081666667, -0.04909811966121197, -9.773776499032975, -0.742303588539362, 0.0009518973529338837, -0.0022849254310131073, 0.0021026739850640297
370.42637616666667, -0.05673218046315014, -9.77856712281704, -0.7156585577130318, -0.006314004771411419, -0.0018122140318155289, 0.007664686068892479
370.4363441666667, -0.04311026019975543, -9.789644088149071, -0.7840670339763165, -0.0072298054583370686, -0.0028782114386558533, -0.0004544351249933243
370.4463121666667, -0.14250371692702174, -9.814642104506493, -0.8662453376501799, 0.00018523393373470753, 0.002345845103263855, -0.007227386347949505
370.4562801666667, -0.12723538518883287, -9.816437784433365, -0.9286658996343613, 0.006081409752368927, 0.017643645405769348, -0.01068977452814579
370.4662481666667, -0.08891516861971469, -9.781262104511262, -0.9208820861577988, 0.009204498492181301, 0.013624669052660465, -0.008969373069703579
370.4762161666667, -0.043709010514430706, -9.764346694350243, -0.8996261416375637, 0.015739521011710167, 0.009722801856696606, -0.006069845985621214
370.4861831666667, -0.01616643665358424, -9.76374793946743, -0.8788197749108076, 0.016104640439152718, 0.008998422883450985, 5.3027644753456116e-05
370.49615116666666, -0.021405500764958563, -9.750725605487824, -0.8181951852142811, 0.008630904369056225, 0.008090217597782612, -0.00018358416855335236
370.5061191666667, -0.04595450120978058, -9.756263503432274, -0.7467938847094775, -0.0009932279353961349, -0.0032846760004758835, 0.0041267420165240765
370.5160871666667, -0.05134321292862296, -9.75940696656704, -0.7464949458092451, -0.004060585517436266, -0.012145010754466057, 0.003940950147807598
370.5260551666667, -0.045505398502573374, -9.742491556406021, -0.8135550541430712, -0.0009769110474735498, -0.015192732214927673, 0.00020666560158133507
370.53602316666667, -0.09610010387375952, -9.734557469487191, -0.8343620786815882, 0.0024183897767215967, -0.009550494141876698, -0.007220863830298185
370.5459911666667, -0.14175525048281998, -9.754916304945946, -0.8634015443176032, 0.00423759501427412, 0.002765294164419174, -0.010129569098353386
370.5559581666667, -0.09864477558061481, -9.723032022714616, -0.8743287478387356, 0.012369254603981972, 0.009010075591504574, -0.00986061617732048
370.5659261666667, -0.07948456451296806, -9.690101088881493, -0.8149027642607689, 0.012176175601780415, 0.011625033803284168, -0.01118287444114685
370.57589416666667, -0.05014589502476156, -9.682167001962663, -0.7150599490106107, 0.0037150459829717875, 0.009259880520403385, -0.0022791288793087006
370.5858621666667, -0.049247511452995246, -9.67842536866665, -0.6360239390283823, -0.008297940716147423, 0.0045053381472826, -0.0022535622119903564
370.5958301666667, -0.03787144733592868, -9.683663889169694, -0.5992008060961962, -0.02257700078189373, -0.006199296563863754, -0.0028532706201076508
370.6057981666667, -0.03427868963219226, -9.718392257094385, -0.6599747190624475, -0.030197102576494217, -0.015344325453042984, 0.0038488409481942654
370.6157661666667, -0.0658630051324144, -9.751922530531884, -0.7556255923211574, -0.029841607436537743, -0.022047031670808792, 0.007034219801425934
370.6257331666667, -0.0968483967287466, -9.803116657733918, -0.8801666079461575, -0.0201927088201046, -0.011152839288115501, 0.003907402511686087
370.6357011666667, -0.15926870746538044, -9.835897318124772, -0.9852482360601426, -0.003918469417840242, 0.0008947607129812241, -0.0020299418829381466
370.64566916666666, -0.1517843719292432, -9.848919652104378, -1.0168324099481105, 0.0026222539599984884, 0.013490713201463223, -0.009735798463225365
370.6556371666667, -0.14295262777246537, -9.832603581547737, -0.979410083591938, 0.011118125170469284, 0.012470855377614498, -0.014402339234948158
370.6656051666667, -0.06975508089177311, -9.821228408217431, -0.9005244201421738, 0.015329914167523384, 0.008055333979427814, -0.013536810874938965
370.6755731666667, -0.032931454600766304, -9.80581163942814, -0.8918429128825665, 0.01545566413551569, 0.0032240981236100197, -0.006106795743107796
370.68554116666667, -0.0032932477863505485, -9.774375838637352, -0.856366247534752, 0.012948031537234783, -0.004622905980795622, -0.001969574950635433
370.6955091666667, -0.02080653574783355, -9.786352105736732, -0.8186450553685427, 0.012574607506394386, -0.010000898502767086, 0.0019252351485192776
370.7054761666667, -0.06137235721573234, -9.796830316185952, -0.8053223937749863, 0.010392413474619389, -0.011250453069806099, 0.0025643936824053526
370.7154441666667, -0.07694004812277853, -9.77811805665493, -0.810561206638813, 0.009778869338333607, -0.010315412655472755, -0.0006984476931393147
370.7254121666667, -0.08472361948806793, -9.771980819106103, -0.7881078254431486, 0.010132004506886005, -0.011460306122899055, -0.00432913564145565
370.7353801666667, -0.12274469615891577, -9.767789534926415, -0.7833184441924096, 0.008300185203552246, -0.010843113996088505, -0.010340509004890919
370.7453481666667, -0.0944537152396515, -9.745635604262352, -0.8027776855230332, 0.009091943502426147, -0.009248413145542145, -0.013737105764448643
370.7553161666667, -0.08741822202689946, -9.741595178246499, -0.7503868525475264, 0.00522597786039114, -0.01549791730940342, -0.016670960932970047
370.7652841666667, -0.1034347826661542, -9.742343621850015, -0.7343700863420963, 0.004996679723262787, -0.015278738923370838, -0.013649338856339455
370.7752511666667, -0.06676111461594701, -9.736505177021026, -0.7581703736633063, -0.001421634922735393, -0.01243635918945074, -0.011954361572861671
370.7852191666667, -0.06765935200732201, -9.73500770509243, -0.782569781318307, 0.0036002877168357372, -0.01450430415570736, -0.005114298313856125
370.79518716666666, -0.03742224412970245, -9.732013345956803, -0.7849642892181874, 0.00260726734995842, -0.013141823001205921, 0.0023040305823087692
370.8051551666667, -0.08472372455522419, -9.749526341557504, -0.8078671020269395, 0.0015649059787392616, -0.004180286079645157, 0.00554403243586421
370.8151231666667, -0.09894431747496128, -9.762250467538834, -0.8616050603985786, 0.001491560135036707, 0.008590186014771461, 0.0028304532170295715
370.8250911666667, -0.09355565143749119, -9.75491572022438, -0.8711853577941656, 0.006590714678168297, 0.006995752453804016, 0.00038167648017406464
370.83505916666667, -0.08816662451718003, -9.762700118422508, -0.8298715632408857, 0.018507281318306923, 0.00877639465034008, -0.0046599870547652245
370.8450271666667, -0.09520215884316713, -9.768688251972199, -0.8137051083147526, 0.015057157725095749, 0.006714574992656708, -0.008351393975317478
370.8549941666667, -0.07978427999652922, -9.766891402602196, -0.8102622677385808, 0.01334459986537695, 0.0030006617307662964, -0.011973441578447819
370.8649621666667, -0.023949998882599178, -9.754018757343292, -0.7580209042131901, 0.005675228778272867, -0.0019320454448461533, -0.010216821916401386
370.8749301666667, 0.011226375396363437, -9.744139886498452, -0.7776299804449082, -0.0005242712795734406, -0.008092191070318222, -0.006488036829978228
370.8848981666667, 0.02679436323232949, -9.723631362318994, -0.7991853754967452, 0.0015063890023157, -0.02041756734251976, 0.0015065064653754234
370.8948661666667, 0.019160389224998655, -9.707763188481332, -0.8268770579248668, 0.0066033764742314816, -0.02220194600522518, 0.007455446757376194
370.9048341666667, -0.01017856348771602, -9.744438094496727, -0.8809151246398688, 0.015284482389688492, -0.018566198647022247, 0.004343010485172272
370.9148021666667, -0.08442430600058287, -9.753718210458755, -0.8366068247705698, 0.013233182951807976, -0.010781323537230492, 0.0027678669430315495
370.9247701666667, -0.08172997754998505, -9.75461692750454, -0.768648584112525, 0.0032066479325294495, -0.010017795488238335, -0.005088458303362131
370.9347371666667, -0.08442454811185598, -9.744438679218293, -0.7210473516583443, -0.008060484193265438, -0.0027349768206477165, -0.008302448317408562
370.94470525, -0.06661148984916508, -9.756263503432274, -0.7643076843023301, -0.007210137322545052, 0.008818881586194038, -0.011126464232802391
370.95467325000004, -0.036374445925466715, -9.758209456801415, -0.8455883672833443, -0.0026419321075081825, 0.011105543002486229, -0.011828651651740074
370.96464125, -0.017962655620649456, -9.75371879518032, -0.8957339425384999, 0.0003043229226022959, 0.0057453978806734085, -0.012967951595783234
370.97460925, -0.009879300249740482, -9.756413192152978, -0.8637011410295964, 0.008944598026573658, -0.0015890179201960564, -0.0067088124342262745
370.98457725000003, -0.023800378683954477, -9.748479689955712, -0.8168484983593226, 0.007884926162660122, -0.007299900986254215, -0.006872597616165876
370.99454525000004, -0.04730143017601222, -9.782758406996727, -0.7876586861908437, 0.006387964356690645, -0.0077577983029186726, -0.0073303640820086
371.00451325, -0.03547632273752242, -9.778117471933365, -0.7713431272655726, -0.005880685988813639, -0.0077178506180644035, -0.00983799621462822
371.01448025, -0.04984653585590423, -9.770033696293831, -0.7515841430425644, -0.011497934348881245, -0.002796940505504608, -0.010038117878139019
371.02444825000003, -0.04236214550212026, -9.76374793946743, -0.7902035406231881, -0.009689914993941784, -0.0033178552985191345, -0.009572330862283707
371.03441625000005, -0.0199085633084178, -9.754167276620866, -0.8452893552929164, -0.002213029656559229, -0.004482124000787735, -0.0036456729285418987
371.04438425, 0.019908608989790084, -9.751473464369774, -0.8641500610113144, 0.006354892160743475, -0.013402914628386497, -0.005171664524823427
371.05435225, -0.003442790326662362, -9.754467823505403, -0.8268774964660407, 0.012834412045776844, -0.022182278335094452, -0.002274352591484785
371.06432025000004, -0.024399110726080836, -9.768688836693764, -0.7830187743902207, 0.007676401641219854, -0.02199399098753929, -0.0006807171739637852
371.07428825, -0.07080291107296945, -9.764346694350243, -0.7494883547723293, 0.0010366560891270638, -0.013298395089805126, -0.0027686054818332195
371.08425625, -0.1109190953616053, -9.761352919936181, -0.7436507870256901, -0.003163415240123868, 0.0013114409521222115, -0.004899400752037764
371.09422325, -0.09235800919588656, -9.7239307397604, -0.7259872987121344, -0.006343205459415913, 0.0042515769600868225, -0.0018905317410826683
371.10419125000004, -0.04969648168422282, -9.719441247582436, -0.7628107240051032, -0.0017492524348199368, 0.005141604691743851, -0.000905162189155817
371.11415925, -0.03876930557191372, -9.715249963402748, -0.7717921203374863, -0.0033005911391228437, 0.015810653567314148, -0.004689278081059456
371.12412725, -0.028141264789737764, -9.747283349633218, -0.7244905576854944, -0.012828315608203411, 0.015721969306468964, -0.008099455386400223
371.13409525000003, -0.00044910270720720295, -9.740098875761033, -0.6948516062647104, -0.021122464910149574, -0.0006325030699372292, -0.006071991287171841
371.14406325000004, 0.021255848589353265, -9.752672143578529, -0.7553262879699469, -0.02038636803627014, -0.012934709899127483, -0.0034461142495274544
371.15403125, 0.0073345965659245855, -9.803714827895165, -0.867293304875493, -0.007404135074466467, -0.020059600472450256, -0.0036089816130697727
371.16399925, -0.03936812897678465, -9.822127125263215, -0.9072599740326405, -0.005703174043446779, -0.01574341580271721, -0.00635949382558465
371.17396725000003, -0.041613546581938866, -9.792637862563133, -0.9380959966778756, 0.002656609285622835, -0.008475786074995995, -0.010046521201729774
371.18393525000005, -0.02844079297967255, -9.76973490357399, -0.904416326880455, 0.0028715264052152634, -0.010670497082173824, -0.008476855233311653
371.19390225, 0.0019459031196311118, -9.761352335214616, -0.8505283874273301, 0.0022563247475773096, -0.016057854518294334, -0.009532799944281578
371.20387025, 0.021555130099877716, -9.757761560082436, -0.8207405512779952, 0.004117341712117195, -0.013736376538872719, -0.007446744944900274
371.21383825000004, -0.009879510384052992, -9.782459614276886, -0.7906529722362757, 0.00400916812941432, -0.01207298319786787, -0.004212393891066313
371.22380625, -0.03517673516180366, -9.790841597914696, -0.7845155154168606, 0.0003603713121265173, -0.004135964438319206, -0.010862840339541435
371.23377425, -0.02754260126966983, -9.784104436039925, -0.8116091738641262, 0.0009069751831702888, 0.001459379680454731, -0.009101814590394497
371.24374225, -0.014220277718268335, -9.757161635756493, -0.7975385072082282, -0.0026661879383027554, 0.004000567831099033, -0.0049531422555446625
371.25371025000004, 0.004191206521354616, -9.757311324477197, -0.8096630743145943, -0.000751023821067065, 0.005739418789744377, 0.0036699941847473383
371.26367825, 0.06107298891060055, -9.744138717055321, -0.8264285033941269, 0.0031505071092396975, 0.0030640074983239174, 0.008869815617799759
371.27364625, 0.061821336583234375, -9.708813348412514, -0.8717839664965868, 0.007454974576830864, 0.005209716036915779, 0.02380269207060337
371.28361325000003, 0.08202933215070517, -9.73066673219204, -0.8286737611144781, 0.006659221835434437, -0.0019011897966265678, 0.02710181660950184
371.29358125000005, 0.07439546321053059, -9.752820662856102, -0.7592180485278368, -0.0038691626396030188, -0.013966457918286324, 0.026920607313513756
371.30354925, 0.044457312505692244, -9.775722452402116, -0.7539793818444014, -0.013343092054128647, -0.018800361081957817, 0.02273385040462017
371.31351725, -0.051492919921875005, -9.811947122812272, -0.7485900031775237, -0.014817574992775917, -0.019781652837991714, 0.011743633076548576
371.32348525000003, -0.16031664728187026, -9.8052099609375, -0.795741730928421, -0.007297073490917683, -0.00894924532622099, -0.0011633769609034061
371.33345325000005, -0.1435515196993947, -9.82167747437954, -0.8632519286870957, -0.002409967128187418, -0.003634972032159567, -0.010908741503953934
371.34342125, -0.10897352114785464, -9.804165063500404, -0.8538210276514292, 0.002393842674791813, 2.6341527700424194e-05, -0.013558853417634964
371.35338925, -0.06691093581262976, -9.755066578388215, -0.837056768015027, -0.0016662314301356673, 0.011966817080974579, -0.009285898879170418
371.36335725000004, -0.001646649017930031, -9.720487314462662, -0.8237336678802968, -0.0019463959615677595, 0.019450832158327103, -0.0024255961179733276
371.37332525000005, 0.0014967455947771668, -9.725725834965706, -0.7918503358215094, -0.00402019964531064, 0.015035577118396759, 0.003928173799067736
371.38329225, 0.004191270475275815, -9.735905837416649, -0.7813716868311167, -0.0008670168463140726, 0.004802115261554718, 0.010593000799417496
371.39326025, -0.0034429273707792165, -9.767190195322037, -0.8078672482073307, -0.003088540630415082, -0.0029140543192625046, 0.003983921371400356
371.40322825000004, -0.08098148369695991, -9.810151442885399, -0.8225368159264327, 0.0013296435354277492, -0.0026298947632312775, -0.005148057825863361
371.41319625, -0.07619148117955775, -9.824073078632356, -0.8181956237554551, 0.0009485096670687199, -0.0005393661558628082, -0.0164934229105711
371.42316425, -0.05942647236865014, -9.805511092543602, -0.8291231196373702, 0.0023434734903275967, 0.0006718393415212631, -0.022260231897234917
371.43313225, -0.011226535281166435, -9.767640430927278, -0.8110104920715094, -0.0005676384316757321, -0.0027698054909706116, -0.020641034469008446
371.44310025000004, 0.017513548345305028, -9.72976743042469, -0.7982868046313525, -0.0037639641668647528, -0.007307564839720726, -0.012109065428376198
371.45306825, 0.04296050295699388, -9.704172413349152, -0.8087651612609625, -0.0053039598278701305, 0.0035177404060959816, -0.00383877195417881
371.46303625, 0.006137205571867526, -9.69953147828579, -0.7908025878667831, -0.00484962435439229, -0.0007230769842863083, 0.0018396200612187386
371.47300425000003, -0.004041517800651491, -9.715996652841568, -0.7527817989885808, -0.011692074127495289, -0.0028144195675849915, 0.005022902972996235
371.48297225000005, -0.01646585977636278, -9.736055526137353, -0.769396735355258, -0.012079830281436443, -0.0013936227187514305, 0.009824847802519798
371.49293925, -0.06466539486777037, -9.745185953378678, -0.8050228701531887, -0.007041275035589933, -0.0014912337064743042, 0.006590292789041996
371.50290725, -0.10568009063601494, -9.788746540546418, -0.7975389457494021, -0.00998220406472683, 0.003907260484993458, 0.00032760296016931534
371.51287525000004, -0.11361365678720177, -9.820779926776886, -0.7903533024340869, -0.012150002643465996, 0.01296544261276722, -0.008237900212407112
371.52284325000005, -0.0673597872722894, -9.789496153593063, -0.8394513490051032, -0.005964544601738453, 0.015449905768036842, -0.014466501772403717
371.53281125, -0.05673215305432677, -9.765544204115868, -0.8584619627147914, -0.0012942192843183875, 0.010526989586651325, -0.015397869050502777
371.54277925, -0.005688048047013581, -9.763598250746728, -0.8424451965093613, 0.004852889105677605, 0.0016538705676794052, -0.013167737051844597
371.55274725000004, 0.014519709977321327, -9.76823801636696, -0.7851144164800644, -0.0009372451459057629, -0.011415502987802029, -0.006381891667842865
371.56271525, -0.00853233017027378, -9.778716226816178, -0.7455961556732655, -0.010104645043611526, -0.019563443958759308, 0.0003934567794203758
371.57268325, -0.07664062043186277, -9.811799188256265, -0.7690976502746344, -0.01337722223252058, -0.022155310958623886, -0.0021195882000029087
371.58265125, -0.10538088221568614, -9.832154515385628, -0.8364574284106493, -0.013221693225204945, -0.010577750392258167, -0.012294726446270943
371.59261925000004, -0.09145987458759919, -9.803414865732194, -0.9071102122217417, -0.0024064858444035053, 0.004063335247337818, -0.01338438130915165
371.60258625, -0.030087437429465354, -9.766441751718522, -0.9461790414154531, 0.01078441645950079, 0.014438211917877197, -0.013483718037605286
371.61255425, 0.0025447105360217395, -9.757610701918603, -0.9406407780200243, 0.017267022281885147, 0.0043538231402635574, -0.007356641814112663
371.62252225000003, 0.05194192898226902, -9.727074202895166, -0.8752270263433457, 0.021992802619934082, -0.010813678614795208, 0.002368423156440258
371.63249025000005, 0.07005425276700408, -9.741294631361962, -0.8285242185741664, 0.015110721811652184, -0.022521402686834335, 0.011628827080130577
371.64245825, -0.00044919635402038697, -9.77138206422329, -0.7837669987231494, 0.005760097410529852, -0.035890206694602966, 0.00689345970749855
371.65242625, -0.10493180920137093, -9.788445993661881, -0.7400578922778368, 0.0008984017185866833, -0.029255051165819168, 0.00027780700474977493
371.66239425000003, -0.1496888326224871, -9.804612960219384, -0.7827190314978362, -0.00768150482326746, -0.010830504819750786, -0.011497892439365387
371.67236225000005, -0.17857881053583696, -9.807457045912743, -0.8690895695239306, -0.004738806746900082, 0.005793635733425617, -0.01903260312974453
371.68233025, -0.14579660383053125, -9.811499226093293, -0.9150442991405726, 0.008143702521920204, 0.012266448698937893, -0.022029723972082138
371.69229825, -0.05912686195224524, -9.772579573988915, -0.9638429682701827, 0.021005716174840927, 0.011322124861180782, -0.01612681895494461
371.70226625000004, 0.03323095995001495, -9.757610701918603, -0.9496221743524075, 0.03153612092137337, 0.0013307426124811172, -0.005253664683550596
371.71223425, 0.061372375488281256, -9.752670389413835, -0.8184950742870569, 0.03580513224005699, -0.003623317927122116, 0.00025558238849043846
371.72220125, 0.07214997708331794, -9.742341867685319, -0.7821209344267845, 0.029675068333745003, -0.015532175078988075, 0.006187507417052984
371.73216925, 0.06421643377281726, -9.76419700562954, -0.7128150567412377, 0.019800392910838127, -0.03707708418369293, 0.010546363890171051
371.74213725000004, 0.0419130816240795, -9.778716226816178, -0.6782366698980332, 0.008770645596086979, -0.04128754138946533, 0.014805290848016739
371.75210525, -0.02409980637487024, -9.803863931894304, -0.7381120119988919, 0.008147516287863255, -0.031176019459962845, 0.004174001980572939
371.76207325, -0.09610010844189674, -9.810151442885399, -0.8027781240642071, 0.01747390814125538, -0.020959069952368736, -0.006636567879468203
371.77204125000003, -0.06526426623808221, -9.792637862563133, -0.8282241833209992, 0.022512326017022133, -0.010726124048233032, -0.007593990303575993
371.78200925000004, -0.01586718255188316, -9.763298288583757, -0.8155009344220162, 0.028903646394610405, -0.017583496868610382, -0.003960372880101204
371.79197725, 0.021405242665205153, -9.74024681031704, -0.7638583988696337, 0.029703348875045776, -0.02131573110818863, 0.002727844985201955
371.80194525, 0.016316079692915084, -9.74054677248001, -0.7527815066277981, 0.028668442741036415, -0.024854272603988647, 0.009484284557402134
371.81191325000003, 0.009430544720962645, -9.739947432875633, -0.6703032407909633, 0.014800135046243668, -0.02860446646809578, 0.017540179193019867
371.82188125000005, 0.017513612299226225, -9.72587786257267, -0.6322825250029565, 0.006213836837559938, -0.023469358682632446, 0.02688094973564148
371.83184925, -0.013322350960224867, -9.73545677125454, -0.6234507443010807, -0.005837601143866777, -0.015163029544055462, 0.026859015226364136
371.84181725, -0.033680030680261555, -9.733212025165559, -0.6515917852520943, -0.007353472523391247, -0.010887057520449162, 0.0243588387966156
371.85178425000004, -0.04610408943146468, -9.739649224877358, -0.7485905878990889, 0.000305709196254611, -0.004830054938793182, 0.02217923477292061
371.86175225, -0.05912691220175475, -9.752222492694855, -0.8448397774994374, 0.008479483425617218, -0.0010688723996281624, 0.017389006912708282
371.87172025, -0.07963450904935598, -9.7510238134861, -0.8419960572570563, 0.016000336036086082, -0.004527973476797342, 0.011226804926991463
371.88168825, -0.051792260818183423, -9.733810195326805, -0.7415549256652594, 0.01376088336110115, -0.011569105088710785, 0.010172192007303238
371.89165625000004, -0.04415811778977514, -9.7191407006979, -0.6738952584564686, 0.002674616640433669, -0.021964816376566887, 0.010140974074602127
371.90162425, -0.03936812897678465, -9.746085255146028, -0.6388686094433069, -0.01299222745001316, -0.024068979546427727, 0.011024344712495804
371.91159225, -0.04879846813157201, -9.757910079360009, -0.6737454966455698, -0.02155509777367115, -0.015106668695807457, 0.014981522224843502
371.92156025, -0.05867805160582066, -9.738000894784928, -0.7521825324743987, -0.022613970562815666, -0.0017493190243840218, 0.009833632037043571
371.93152825000004, -0.04685244167223573, -9.737103347182275, -0.8223872002959252, -0.013841518200933933, 0.007970952428877354, 0.010605149902403355
371.94149550000003, -0.02724323296453804, -9.74982688844204, -0.8913934081792831, -0.0039055305533111095, 0.012975565157830715, 0.005447405856102705
371.95146350000005, 0.007783968793228269, -9.767191949486733, -0.8912437925487757, 0.0008652560645714402, 0.009686562232673168, 0.003313414752483368
371.9614315, 0.007484362944960595, -9.751472294926645, -0.8749277219921351, 0.004745481535792351, -0.000540509819984436, 0.0039666881784796715
371.9713995, 0.007035219124518335, -9.748179143071175, -0.8584616703540087, 0.003379305824637413, -0.0029991203919053078, -0.000885301735252142
371.98136750000003, -0.01706460552290082, -9.75940696656704, -0.8258300408720971, -0.0020657931454479694, -0.013203554786741734, -0.0016754614189267159
371.99133550000005, -0.05104364819359034, -9.758210626244546, -0.7512847656011582, -0.006112045142799616, -0.017421836033463478, 0.0006080912426114082
372.0013035, -0.0275427565863356, -9.739948602318764, -0.7099705325067044, -0.01049028243869543, -0.013629760593175888, -0.0006334744393825531
372.0112705, -0.016166482334956527, -9.735157393813134, -0.70982069760561, -0.022056210786104202, -0.009703543037176132, 0.0007411646656692028
372.02123850000004, -0.02544700029306114, -9.75491572022438, -0.7119165589660407, -0.02546612173318863, 0.0022631054744124413, 0.003082615789026022
372.0312065, 0.0022451663576066494, -9.735756148695947, -0.7658044984191656, -0.017181431874632835, 0.00932137668132782, 0.0025951084680855274
372.0411745, 0.009879323090426625, -9.742941207289697, -0.829721801429987, -0.012024752795696259, 0.010786915197968483, 0.007377346977591515
372.0511425, -0.03068620601668954, -9.793535994887353, -0.8349602488428355, -0.0077341594733297825, 0.01340158749371767, 0.00788971595466137
372.06111050000004, -0.06301893314346671, -9.81883338868618, -0.8557675657421351, -0.006302177906036377, 0.017186470329761505, 0.006364257540553808
372.0710785, -0.10403369286563248, -9.850118331313134, -0.8497796514630318, -0.007286276202648878, 0.022429905831813812, 0.004116754978895187
372.0810465, -0.10089021145831795, -9.848770548105241, -0.8982792355120183, -0.003111771307885647, 0.027491509914398193, -0.002225030679255724
372.0910145, -0.0745450697047636, -9.833801676034929, -0.89363873898983, 0.004534190054982901, 0.026750639081001282, -0.008399013429880142
372.10098250000004, -0.014968972569331527, -9.803864516615867, -0.887501720711589, 0.007718265522271395, 0.021553747355937958, -0.0034868125803768635
372.1109505, 0.03936814268119634, -9.799674401879312, -0.8753765688836574, 0.014910132624208927, 0.009860074147582054, 0.0014810478314757347
372.1209185, 0.038469969243742526, -9.792189965844155, -0.8400502500683069, 0.01737275719642639, 0.00429859384894371, -0.0010849079117178917
372.13088650000003, 0.010029075765050948, -9.786950860619546, -0.8306196413934231, 0.013902736827731133, 0.0026570865884423256, -0.0031450623646378517
372.14085450000005, -0.05897710927762091, -9.794285607933999, -0.7503865601867438, 0.01364441029727459, -0.0011538965627551079, -0.01159074530005455
372.1508225, -0.13711500064004215, -9.779764632582665, -0.6976958381384611, 0.010511467233300209, -0.0026625776663422585, -0.015225160866975784
372.1607905, -0.12663659376092257, -9.784255294203758, -0.685571271032095, 0.0049590421840548515, 0.0028616180643439293, -0.020157335326075554
372.17075850000003, -0.13082798757590355, -9.781411208510399, -0.6963489320129157, -0.0024437205865979195, 0.009770411998033524, -0.024794142693281174
372.18072650000005, -0.11720624546986073, -9.7638982129097, -0.693954277932644, -0.001585117308422923, 0.014217890799045563, -0.02526099421083927
372.1906945, -0.020956352376379075, -9.721985371112824, -0.7430516666918994, 0.0043634576722979546, 0.01590033993124962, -0.01464923657476902
372.2006615, 0.09415425100363792, -9.689953154325485, -0.7408067013323307, 0.007149124518036842, 0.0042692506685853004, -0.004064236767590046
372.21062950000004, 0.12768465234898033, -9.685311049818994, -0.7324236213415861, 0.007832198403775692, -0.0038989544846117496, 0.0053353686816990376
372.2205975, 0.09340556528884918, -9.708812178969383, -0.718054161965847, 0.0012041237205266953, -0.01192332524806261, 0.008580963127315044
372.2305655, 0.01481926100794226, -9.758060937523842, -0.6523403019458056, -0.007406262215226889, -0.012540233321487904, 0.00612593861296773
372.2405335, -0.03921851791441441, -9.767639261484147, -0.6815302602946759, -0.013109421357512474, -0.011951408348977566, -0.0020702052861452103
372.25050150000004, -0.0690065596299246, -9.784256463646889, -0.7138622199743987, -0.005995713174343109, -0.008839904330670834, -0.0024133622646331787
372.2604695, -0.09879460134543479, -9.78455525636673, -0.8198421265929938, 0.004687024746090174, 0.0007123220711946487, -0.007924774661660194
372.2704375, -0.12693594379350542, -9.805960743427278, -0.8665445689111948, 0.01229186076670885, 0.0051160408183932304, -0.010618642903864384
372.28040550000003, -0.05508547205943615, -9.777670159935951, -0.8571152027696372, 0.012188796885311604, 0.002776985988020897, -0.007178105413913727
372.29037350000004, -0.0215553036890924, -9.757311324477197, -0.7616129218786956, 0.0033899263944476843, 0.0006820950657129288, -0.0012941607274115086
372.3003415, 0.002395083485171199, -9.735906422138214, -0.7119169244170189, -0.001160350744612515, -0.006254907231777906, 0.00259325560182333
372.3103095, 0.04520599822048098, -9.72872194826603, -0.6891634348779917, -0.006548232864588499, -0.01704981178045273, 0.005489650182425976
372.32027750000003, 0.01047817847225815, -9.752073388695717, -0.6785361935198307, -0.01174299418926239, -0.016445539891719818, 0.007823645137250423
372.33024550000005, -0.10418346838094295, -9.800272572040559, -0.7623614385724068, -0.011928497813642025, -0.018897391855716705, 0.009958291426301003
372.3402135, -0.14879048331175002, -9.823774285912513, -0.8521753288060427, -0.0024963796604424715, -0.007318234071135521, 0.002453502966091037
372.3501815, -0.14504849826917052, -9.841735762953759, -0.9364495669305325, 0.006985678803175688, 0.002790730446577072, 0.0011132573708891869
372.36014950000003, -0.13891099120024591, -9.832903543710708, -0.9333063230663539, 0.015720846131443977, 0.009474731981754303, -0.007813924923539162
372.37011750000005, -0.1071771879773587, -9.811948876976967, -0.8779214964061975, 0.012177132070064545, 0.009553981013596058, -0.012439405545592308
372.3800855, -0.04490657966583968, -9.80506261110306, -0.8035263483971358, 0.007010865490883589, 0.004404493607580662, -0.006036100909113884
372.3900535, -0.02784210661891848, -9.732912063002587, -0.7699959287792445, 0.011928272433578968, -0.004138513468205929, -0.002640427090227604
372.40002150000004, -0.05912699442822487, -9.750874709486961, -0.7740370856970549, 0.009751937352120876, -0.011027046479284763, -0.004130731336772442
372.4099895, -0.0781375213433057, -9.767641015648842, -0.749787439852953, 0.01057493407279253, -0.007910801097750664, -0.002384969498962164
372.4199575, -0.07664041029755027, -9.747282180190087, -0.7644570806622506, 0.007048908621072769, -0.0010134801268577576, -0.0034409132786095142
372.4299255, -0.07065292999148369, -9.727973504662515, -0.7818210453540088, 0.005356882233172655, 0.0036693019792437553, -0.0018529929220676422
372.43989350000004, -0.04685261069331318, -9.71749470949173, -0.7864613956958056, 0.01487954705953598, 0.008932506665587425, 0.003974802326411009
372.4498615, 0.02439909245353192, -9.700579299330713, -0.7922993288934231, 0.015053724870085716, 0.005530856549739838, 0.01662164367735386
372.4598295, 0.0682582485023886, -9.683514785170555, -0.7568228097259999, 0.00957134086638689, -0.011157308705151081, 0.020520243793725967
372.4697975, 0.05448673088103533, -9.72542762696743, -0.6885651185363532, -0.0011897333897650242, -0.020225942134857178, 0.024666987359523773
372.47976450000004, 0.015567713747732342, -9.76614295899868, -0.6967980712652206, -0.005450791213661432, -0.019969746470451355, 0.02397962659597397
372.4897325, -0.07783805710729212, -9.780063425302506, -0.7225441657751799, -0.0021981589961797, -0.015083793550729752, 0.01628745160996914
372.4997005, -0.10687764608301223, -9.79368509888649, -0.7114676389843226, -0.006001153029501438, -0.00839872658252716, 0.009399985894560814
372.50966850000003, -0.1315764220431447, -9.814192453622818, -0.7021862804889679, -0.014315328560769558, -0.007308486849069595, 0.002386778825893998
372.51963650000005, -0.12229550665710122, -9.837394790053368, -0.7598173881322146, -0.013969384133815765, 0.005350051447749138, -0.003243942279368639
372.5296045, -0.09550135812722146, -9.811499810814858, -0.8580126041918994, -0.0016017574816942215, 0.017727268859744072, -0.0058792452327907085
372.5395725, -0.021405464219860733, -9.782460198998452, -0.9078593136370182, 0.01778099499642849, 0.01975633017718792, -0.0025199330411851406
372.54954050000003, 0.06182157412637025, -9.740995253920556, -0.893938189521432, 0.022139878943562508, 0.011990373954176903, 0.00784037634730339
372.55950850000005, 0.09864515473600477, -9.718541361093521, -0.787060589119792, 0.019552618265151978, -0.005380093585699797, 0.014317184686660767
372.5694765, 0.10253701579291374, -9.722582956552506, -0.6620702149719, 0.0036531321238726377, -0.015184935182332993, 0.018896613270044327
372.5794445, 0.04550520207267255, -9.73934867799282, -0.6114752811938524, -0.012634227983653545, -0.017972465604543686, 0.013449117541313171
372.58941250000004, -0.06616224096156657, -9.76778895020485, -0.6270429081469775, -0.020888689905405045, -0.012281287461519241, 0.0015304298140108585
372.5993805, -0.1489403913030401, -9.80566019654274, -0.7014379830658436, -0.019162695854902267, -0.0032073655165731907, -0.014163045212626457
372.6093485, -0.19534368001855912, -9.864488448500634, -0.7574219300597906, -0.005473173689097166, 0.001681487075984478, -0.030875680968165398
372.6193165, -0.11705673947464676, -9.819132181406022, -0.7937964353710414, -0.0016946808900684118, -0.00037766899913549423, -0.029820004478096962
372.62928450000004, -0.024698584098368885, -9.78380622804165, -0.7960412545502186, 0.0009040645672939718, -0.0011835135519504547, -0.02740340866148472
372.6392525, 0.06077360690105707, -9.751174671649933, -0.7731390264630318, 0.0009253698517568409, -0.0040967450477182865, -0.01567244902253151
372.6492205, 0.11316466828342528, -9.734410119652749, -0.7029353088140488, -0.0046988846734166145, -0.02113608457148075, 0.0010634162463247776
372.6591885, 0.08831638632807881, -9.752072219252588, -0.6313844657689334, -0.01703730970621109, -0.02312626503407955, 0.008831590414047241
372.66915650000004, 0.00823304865974933, -9.795932183861733, -0.6418618722259999, -0.024257535114884377, -0.027024490758776665, 0.008670136332511902
372.6791245, -0.058528426839038736, -9.825869343280793, -0.7334721001982689, -0.021350162103772163, -0.010814094915986061, 0.0022420648019760847
372.6890925, -0.09250741469208151, -9.85116556763649, -0.8538212469220162, -0.009521330706775188, 0.0007170103490352631, -0.0032777758315205574
372.69906050000003, -0.11002119601238519, -9.857751871347428, -0.9677348019182682, 0.007162041496485472, 0.006015369668602943, -0.011168189346790314
372.70902850000004, -0.10014178612735122, -9.86628471314907, -0.9515677622705698, 0.018195077776908875, 0.0028233900666236877, -0.011738266795873642
372.7189965, -0.03966755666770041, -9.84443074464798, -0.8870526545494796, 0.019478455185890198, 0.003078254871070385, -0.004676362033933401
372.7289645, -0.02799180447589606, -9.830508524179459, -0.8565156438946724, 0.022563308477401733, -0.0027970895171165466, -0.007346083410084248
372.73893250000003, -0.05867796937935055, -9.831108448505402, -0.8024782349914312, 0.0170697383582592, -0.004527078475803137, -0.011019648052752018
372.74890050000005, -0.07155141406226903, -9.810751367211342, -0.7825692696869374, 0.01873350888490677, -0.0007716696709394455, -0.015303502790629864
372.7588685, -0.10717722452245654, -9.796830900907517, -0.7647565311938525, 0.028708113357424736, -0.007723052520304918, -0.023938268423080444
372.7688365, -0.07843674803618342, -9.767639261484147, -0.7696968436986208, 0.025266356766223907, 0.009856064803898335, -0.025846058502793312
372.77880450000004, -0.04460715654306114, -9.693694202899934, -0.7277835633605719, 0.012154017575085163, 0.014438032172620296, -0.0221000574529171
372.78877250000005, -0.023800396956503392, -9.719441247582436, -0.6873677549511195, 0.003738808911293745, 0.02322312444448471, -0.017808541655540466
372.7987405, 0.03427870333660394, -9.685311049818994, -0.7211970403790474, -3.3026255550794303e-05, 0.0232689306139946, -0.011159694753587246
372.8087085, 0.10792548768455164, -9.643249688744545, -0.7000910769402982, -0.0068217553198337555, 0.006424120627343655, 0.0038892063312232494
372.81867650000004, 0.14759324306622149, -9.657318674325943, -0.7054800170660019, -0.005666209384799004, -0.016706498339772224, 0.013758614659309387
372.8286445, 0.10702763630077243, -9.672587508559227, -0.7825699274986982, -0.002266592113301158, -0.02688395231962204, 0.015594705939292908
372.8386125, 0.02424974862718955, -9.689653192162515, -0.7786779476702214, 0.0013611657777801156, -0.02556169405579567, 0.005024086683988571
372.8485805, -0.0760418061632663, -9.727223891615868, -0.7893058468401433, 0.0016762723680585623, -0.02005074732005596, 0.0003287014551460743
372.85854850000004, -0.13427077333442866, -9.748180312514306, -0.7906526067852975, -0.0006369492621161044, -0.0069578480906784534, -0.009064001962542534
372.8685165, -0.1445991694391705, -9.737253035902977, -0.7587691285461188, -0.006324749439954758, 0.007520334795117378, -0.013016743585467339
372.8784845, -0.0986449354654178, -9.720038833022118, -0.7455963749438524, -0.0076952120289206505, 0.022194884717464447, -0.014725428074598312
372.8884525, -0.07185067044803874, -9.734109572768212, -0.7596671146899462, -0.011126047931611538, 0.022093545645475388, -0.009404602460563183
372.89842050000004, 0.012124779524747283, -9.715547001957894, -0.7452976553142071, -0.004155756440013647, 0.015210605226457119, 0.0008821235969662666
372.9083885, 0.029189423876814547, -9.714798558354378, -0.7381123774498701, -0.006705287843942642, 0.008206933736801147, 0.008761539123952389
372.9183565, 0.03173409329960123, -9.7653939306736, -0.7601165463030338, -0.012756789103150368, 0.0010094735771417618, 0.01818912848830223
372.92832450000003, 0.0191603001463227, -9.806708017587662, -0.7449977662414313, -0.013778643682599068, -0.0003844248130917549, 0.02228453755378723
372.9382929166667, -0.017214079541154205, -9.819433313012123, -0.7795756414532662, -0.01165583822876215, 0.003924836404621601, 0.017498305067420006
372.9482609166667, -0.06840781845152379, -9.834550704360009, -0.8222369268536568, -0.008725778199732304, 0.010616644285619259, 0.013293975964188576
372.9582289166667, -0.09190898871514946, -9.833951949477196, -0.8478334057331086, 0.0004613290075212717, 0.013792996294796467, 0.0066605741158127785
372.96819691666667, -0.0630189468478784, -9.823473739027978, -0.855617877021432, 0.00951610878109932, 0.01515256054699421, 0.002619007369503379
372.9781649166667, -0.03158419216051698, -9.814342727065087, -0.8626528814435006, 0.017442742362618446, 0.012998063117265701, -0.0020223502069711685
372.9881329166667, -0.012274456825107336, -9.801468327641487, -0.82088987454772, 0.014993399381637573, 0.010282949544489384, -0.0027813976630568504
372.9981009166667, 0.0013471665093675257, -9.73710276246071, -0.7785279665887356, 0.010057230480015278, 0.0019294125959277153, 0.0012658084742724895
373.0080689166667, 0.04161371103487909, -9.72273264527321, -0.7256878481805324, 0.00886212382465601, -0.011319699697196484, 0.007230615708976984
373.0180369166667, 0.01945965703111142, -9.731415175795556, -0.669255492836237, 0.0019557480700314045, -0.02011026069521904, 0.007005046121776104
373.0280049166667, -0.005538418712094427, -9.734558638930322, -0.6944029055535794, 0.0013413247652351856, -0.023206472396850586, 0.006630824878811836
373.0379729166667, -0.0353266340168193, -9.732912063002587, -0.7384117548912764, 0.0018079105066135526, -0.016325397416949272, 0.003782307729125023
373.0479409166667, -0.07095248559024185, -9.747880350351334, -0.7493388853222133, 0.009211494587361813, -0.0039810966700315475, 0.0013052700087428093
373.0579089166667, -0.06795853301882744, -9.723481088876724, -0.734219812899828, 0.009384066797792912, 0.009099552407860756, 0.001966798910871148
373.0678769166667, -0.040415908908471465, -9.718243737816811, -0.6867685615271331, -0.0019547862466424704, 0.013472557999193668, 0.0013948301784694195
373.07784491666666, -0.01796261907555163, -9.709860000014306, -0.6479996214061976, -0.005310635548084974, 0.009069819934666157, -0.0009721871465444565
373.0878129166667, -0.005388921853154898, -9.689652022719384, -0.6301865174621344, -0.010991010814905167, 0.0008522570133209229, 0.002417624229565263
373.0977809166667, -0.010478114518336952, -9.704022139906884, -0.6575796264410019, -0.017001766711473465, -0.007751084864139557, 0.002531074918806553
373.1077489166667, -0.004041723366826773, -9.760904438495636, -0.6942535822838545, -0.020863616839051247, -0.017502516508102417, 0.0021840648259967566
373.11771691666667, -0.02305212694220245, -9.774974593520165, -0.7442496149986982, -0.02430308796465397, -0.0153509471565485, -0.0014546122401952744
373.1276849166667, -0.06316877261269838, -9.782460198998452, -0.812806756719947, -0.02184887044131756, -0.01621926948428154, 0.00012952880933880806
373.1376529166667, -0.04954671987332404, -9.798475722670556, -0.8942376400530339, -0.011013798415660858, -0.010844745673239231, -0.0023615919053554535
373.1476209166667, -0.04775078869890422, -9.808055800795556, -0.9271684277057648, -0.0022417595610022545, -0.0088659031316638, -0.002160663716495037
373.15758891666667, -0.03712273421231657, -9.78380622804165, -0.9110027036815882, 0.006193536799401045, -0.011479795910418034, -0.000626416876912117
373.1675569166667, -0.015717228879220786, -9.731864241957664, -0.8351103030145168, 0.005025971680879593, -0.0077894460409879684, -0.005265460349619389
373.1775249166667, -0.019908851101063194, -9.73306175172329, -0.7909524227678776, 0.007781011983752251, -0.01087232120335102, -0.00434107705950737
373.1874939166667, -0.03248244325630367, -9.735607044696808, -0.7120661015063524, 0.009068945422768593, -0.007861309684813023, -0.005432958714663982
373.19746191666667, -0.07903574959840626, -9.72542762696743, -0.6938046623021364, 0.0003047482168767601, -0.009321521036326885, -0.00978083536028862
373.2074299166667, -0.058977232617326084, -9.7366536962986, -0.6848231928795576, -0.011451002210378647, -0.015089460648596287, -0.004354625009000301
373.2173979166667, -0.04999628396239132, -9.728421401381492, -0.6888641305267811, -0.019673245027661324, -0.00202159583568573, -0.0018712268210947514
373.2273659166667, -0.048349388265050953, -9.748030623793602, -0.7547271676361561, -0.01554794516414404, 0.002891439013183117, -0.0029600965790450573
373.23733391666667, -0.04266125799156725, -9.756864012479783, -0.8090646117925644, -0.007751275785267353, 0.003397439606487751, 0.0017827264964580536
373.2473019166667, -0.02993753400631249, -9.74338968873024, -0.7930476994067431, -0.008466459810733795, -0.0008096229285001755, 0.0006368402391672134
373.2572699166667, -0.04206260817591101, -9.7670410913229, -0.7719418821483851, -0.008672322146594524, -0.01042896043509245, -0.0015677246265113354
373.2672379166667, -0.07679033199325204, -9.778865330815316, -0.7476920901238918, -0.014086911454796791, -0.012473342008888721, -0.007884034886956215
373.2772059166667, -0.0904118913738057, -9.772580743432046, -0.7725400523096323, -0.015919698402285576, -0.009912712499499321, -0.011517918668687344
373.2871739166667, -0.10747641010209918, -9.782907510995866, -0.8023287655413152, -0.008159933611750603, -0.0038655735552310944, -0.013101378455758095
373.2971419166667, -0.04415828224271536, -9.75985603272915, -0.8861540105938912, 0.0005344882374629378, 0.006554843857884407, -0.0068330965004861355
373.30710991666666, 0.018112230137921872, -9.736205214858055, -0.8918426936119795, 0.005494090262800455, 0.007988185621798038, 0.0033262933138757944
373.3170779166667, 0.04565498672425747, -9.730217081308366, -0.8485822878777981, 0.011049977503716946, -0.005024818703532219, 0.01619522087275982
373.3270459166667, 0.054636323670856655, -9.739349847435951, -0.7424533503502607, 0.0014171450166031718, -0.011946541257202625, 0.016605956479907036
373.3370139166667, 0.0243993619736284, -9.76090385377407, -0.675692400187254, -0.009064524434506893, -0.023338478058576584, 0.016301557421684265
373.34698191666666, -0.019609295502305033, -9.776472650170327, -0.627791351750493, -0.016864478588104248, -0.02687845379114151, 0.010897394269704819
373.3569499166667, -0.016016798182390633, -9.777518717050553, -0.7045818847417832, -0.017037583515048027, -0.022812869399785995, 0.007122629322111607
373.3669179166667, -0.04191291031893343, -9.777668405771257, -0.7596673339605332, -0.014507079496979713, -0.016651656478643417, 0.006924439687281847
373.3768859166667, -0.057629924495704477, -9.792936655282976, -0.7921494939923287, -0.006012127734720707, -0.003947047516703606, 0.009777750819921494
373.38685391666667, -0.03472790197469294, -9.809702961444856, -0.8713351196050645, 0.0017519020475447178, 0.00643170066177845, 0.007462486624717712
373.3968219166667, -0.01646579125430435, -9.80446444094181, -0.9030689822137357, 0.0050912401638925076, 0.002230564132332802, 0.007940789684653282
373.4067899166667, 0.00598764019086957, -9.801320393085481, -0.8155012998729945, 0.00780748575925827, -0.005060804076492786, 0.009579774923622608
373.4167579166667, 0.016914743212983013, -9.770783309340478, -0.745596886575222, 0.0038092820905148983, -0.0111594432964921, 0.010423198342323303
373.42672591666667, -0.027243159874342383, -9.802966969013214, -0.6872175545990468, -0.013870200142264366, -0.01798895373940468, 0.006246753502637148
373.4366939166667, -0.06915639909915626, -9.827516503930092, -0.6936551197618246, -0.01882847398519516, -0.01943984255194664, 0.0030405737925320864
373.4466629166667, -0.07229962012264878, -9.78051307618618, -0.7848150390386582, -0.013023818843066692, -0.013297749683260918, -8.543254807591438e-05
373.4566309166667, -0.052241404638625685, -9.746832529306412, -0.8720837093889714, -0.0016007226658985019, -0.007347182836383581, 0.0014618639834225178
373.46659891666667, -0.007484330967999995, -9.751323775649071, -0.883609740883112, 0.00628545880317688, -0.00465361587703228, 0.003957523964345455
373.4765669166667, 0.02604578258469701, -9.717494124770164, -0.8837589910626412, 0.00818216148763895, 0.006682129576802254, 0.005298159085214138
373.4865349166667, 0.027393191205337643, -9.736354903578759, -0.834511840492487, 0.008309874683618546, 0.005640722811222076, 0.0115793626755476
373.4965029166667, 0.004490821505896747, -9.743090896010399, -0.7601157423108816, 0.0054613579995930195, -0.0016510114073753357, 0.011850472539663315
373.5064709166667, 0.014220606624148787, -9.752970936298372, -0.7208977360278368, -0.0013627278385683894, -0.00984871480613947, 0.01389147900044918
373.5164389166667, -0.011076846560463309, -9.758359145522117, -0.7020373226702213, -0.00842915941029787, -0.014812581241130829, 0.01636608876287937
373.5264069166667, -0.04236167955212295, -9.777518132328987, -0.7150603144615889, -0.015320622362196445, -0.017159052193164825, 0.01870962604880333
373.5363749166667, -0.0552349734865129, -9.770782724618913, -0.7247894234955311, -0.017740637063980103, -0.01525888592004776, 0.01447200495749712
373.5463429166667, -0.07035365304909647, -9.788446578383446, -0.7973887453973294, -0.015530713833868504, -0.017778802663087845, 0.00998973473906517
373.5563109166667, -0.02874035314656794, -9.76943611085415, -0.83301488019526, -0.01488223485648632, -0.025530200451612473, 0.013809772208333015
373.5662789166667, -0.024099829215556385, -9.73021883547306, -0.8066696653515101, -0.01415063627064228, -0.013892896473407745, 0.017685972154140472
373.57624691666666, -0.12558896000962705, -9.76539510011673, -0.8731313842535019, -0.009578787721693516, -0.0006956020370125771, 0.006138505879789591
373.5862149166667, -0.22707753349095583, -9.82886253297329, -0.9087571536004544, -0.0008412239840254188, 0.008774376474320889, -0.007876422256231308
373.5961829166667, -0.19414624334312977, -9.818235803246498, -0.8726823911815882, 0.000901282299309969, 0.01964966207742691, -0.0196278877556324
373.6061509166667, -0.1481919339951128, -9.794883778095246, -0.7966403017938137, -0.0030545471236109734, 0.024689964950084686, -0.02460474893450737
373.61611891666666, -0.08532253882382065, -9.780663934350015, -0.7303281985223293, -0.011720206588506699, 0.028404273092746735, -0.02779574692249298
373.6260869166667, 0.02215399918612093, -9.753120040297508, -0.7467941770702601, -0.013919384218752384, 0.018352452665567398, -0.02085491269826889
373.6360559166667, 0.1260380353080109, -9.705968093276024, -0.7490393617004156, -0.013637888245284557, 0.0016017025336623192, -0.0037177358753979206
373.6460239166667, 0.1851650525769219, -9.694143269062042, -0.7843662652373314, -0.009195380844175816, -0.01409033965319395, 0.009805603884160519
373.65599191666666, 0.1517845135414973, -9.724080428481102, -0.8054718632251024, -0.010437212884426117, -0.017535138875246048, 0.019490456208586693
373.6659599166667, 0.035027069281786685, -9.775573933124543, -0.8324157598614693, -0.00643883366137743, -0.006629509385675192, 0.018676433712244034
373.6759279166667, -0.02260283694136888, -9.80206825196743, -0.8081669180095196, -0.0017093259375542402, 0.0010944567620754242, 0.010064568370580673
373.6858959166667, -0.055384780978783965, -9.81883338868618, -0.80247808881104, -0.006130291149020195, 0.0019928542897105217, 0.00428808806464076
373.69586391666667, -0.05478602609597147, -9.831556929945947, -0.7981372620910406, -0.013363436795771122, 0.009434259496629238, 0.0018419744446873665
373.7058319166667, -0.03203325832262635, -9.832604750990868, -0.7979875733703375, -0.00887929555028677, 0.013733339495956898, -0.001090549398213625
373.7157999166667, -0.05328927593305707, -9.805211715102196, -0.8078669558465481, -0.004070425406098366, 0.012955964542925358, 0.0012812619097530842
373.7257679166667, -0.03278177958447486, -9.821978021264076, -0.8023287655413152, -0.004007279872894287, 0.007628407329320908, 0.011310424655675888
373.73573591666667, 0.0028440217394381764, -9.789943465590477, -0.8087645765393973, -0.00722970487549901, 0.004050184041261673, 0.005504467058926821
373.7457039166667, -0.034128891276195644, -9.784404982924462, -0.8006818241626025, -0.0014272979460656643, 0.007343077100813389, 0.014705880545079708
373.7556719166667, -0.046403457736596466, -9.750575332045555, -0.8565154977142811, -0.0035612888168543577, 0.01917283982038498, 0.00993802398443222
373.7656399166667, -0.0910105503257364, -9.834999770522119, -0.8214887025207281, -0.00026932635228149593, 0.02473015896975994, 0.003480886807665229
373.77560891666667, -0.09505243357736617, -9.828712259531022, -0.8430434397608042, 0.009119114838540554, 0.028014102950692177, -0.0012978892773389816
373.7855769166667, -0.04760119590908289, -9.820479964613915, -0.8586114321649075, 0.02495187520980835, 0.01653715968132019, -0.005665960721671581
373.7955449166667, -0.01916033897548914, -9.839940667748452, -0.8855552557110787, 0.04671815410256386, 0.01664768159389496, -0.006177553907036781
373.8055129166667, -0.02559682605788112, -9.851466114521028, -0.9053147515654565, 0.07200975716114044, 0.024577345699071884, -0.007964194752275944
373.8154809166667, -0.023950250130146743, -9.798475722670556, -0.8536718505620957, 0.09446819126605988, 0.020562365651130676, -0.011121106334030628
373.8254489166667, 0.022303733588196338, -9.726474863290788, -0.8225363042950631, 0.09804386645555496, 0.00831795297563076, -0.00872640497982502
373.8354169166667, -0.000748461876064539, -9.704171828627587, -0.7593681026995183, 0.06972488015890121, -0.015623064711689949, 0.0014798929914832115
373.8453849166667, 0.014070789995603263, -9.718092294931413, -0.6535378117114305, 0.03294984996318817, -0.0330071747303009, 0.005279529374092817
373.8553529166667, -0.026794153098016978, -9.731265487074852, -0.6110262881219387, -0.007303563412278891, -0.02577349543571472, 0.007964794524013996
373.8653209166667, -0.08187958404421807, -9.761951674818993, -0.6256953442096711, -0.03825195133686066, -0.0135855907574296, 0.005706636235117912
373.8752889166667, -0.13876132075209172, -9.781262689232827, -0.6945526673644782, -0.054906561970710754, 0.002732129767537117, 0.003310323925688863
373.88525691666666, -0.16600473187398165, -9.765094553232194, -0.7719418821483851, -0.043860360980033875, 0.01585134118795395, 0.004752627573907375
373.8952249166667, -0.10867424877360464, -9.75821004152298, -0.8143033515661955, -0.03414861112833023, 0.026411574333906174, 0.00520030502229929
373.9051939166667, -0.03532665685750544, -9.741146112084389, -0.8253806092590094, -0.02340228483080864, 0.025234883651137352, 0.010982809588313103
373.9151619166667, -0.01017862287349999, -9.697435836195947, -0.7232928286492825, -0.02893899567425251, 0.016582803800702095, 0.014316554181277752
373.92512991666666, 0.0019457889162003996, -9.646990152597429, -0.6328810606151819, -0.03357904776930809, 0.005109219811856747, 0.0123312808573246
373.9350979166667, 0.04415824569761753, -9.646990737318992, -0.6426107543706894, -0.025197282433509827, -0.009594358503818512, 0.01185164600610733
373.9450662916667, 0.04445765511598438, -9.676929650902748, -0.664914373755455, -0.04846443608403206, -0.03332115337252617, 0.009786969050765038
